// Created using Xilinx Cse Software [ISE - 14.7]
// Date: Mon Nov 04 19:17:56 2024

TRST OFF;
ENDIR IDLE;
ENDDR IDLE;
STATE RESET;
STATE IDLE;
FREQUENCY 1E6 HZ;
//Operation: Program -p 0 -e -v 
TIR 0 ;
HIR 0 ;
TDR 0 ;
HDR 0 ;
TIR 0 ;
HIR 0 ;
HDR 0 ;
TDR 0 ;
//Loading device with 'idcode' instruction.
SIR 8 TDI (fe) SMASK (ff) ;
SDR 32 TDI (00000000) SMASK (ffffffff) TDO (f9608093) MASK (0fffffff) ;
//Check for Read/Write Protect.
SIR 8 TDI (ff) TDO (01) MASK (e3) ;
//Boundary Scan Chain Contents
//Position 1: xc95144xl
TIR 0 ;
HIR 0 ;
TDR 0 ;
HDR 0 ;
TIR 0 ;
HIR 0 ;
TDR 0 ;
HDR 0 ;
// Loading devices with 'ispen' or 'bypass'  instruction.
SIR 8 TDI (e8) ;
SDR 6 TDI (05) SMASK (3f) ;
// Loading devices with 'fbulk' instruction.
SIR 8 TDI (ed) ;
SDR 18 TDI (03ffff) SMASK (03ffff) ;
RUNTEST 200000 TCK;
SDR 18 TDI (03fffd) TDO (000001) MASK (000003) ;
// Loading devices with 'conld' or 'bypass' instruction.
SIR 8 TDI (f0) ;
RUNTEST 100 TCK;
// Loading devices with 'ispen' or 'bypass'  instruction.
SIR 8 TDI (e8) ;
SDR 6 TDI (05) SMASK (3f) ;
// Loading device with 'fpgm' instruction.
SIR 8 TDI (ea) ;
SDR 82 TDI (0000000000000080000001) SMASK (03ffffffffffffffffffff) ;
SDR 82 TDI (0000040400000884000001) ;
SDR 82 TDI (0000084400000080000001) ;
SDR 82 TDI (00000c4400200000000001) ;
SDR 82 TDI (0000104440002004000001) ;
SDR 82 TDI (0000200000000080000001) ;
SDR 82 TDI (0000240400000480000001) ;
SDR 82 TDI (0000288440202080000001) ;
SDR 82 TDI (00002c8440300000000001) ;
SDR 82 TDI (0000300440200084000001) ;
SDR 82 TDI (0000408000200000000001) ;
SDR 82 TDI (0000440000000080000001) ;
SDR 82 TDI (0000480000300000000001) ;
SDR 82 TDI (00004cc000300000000001) ;
SDR 82 TDI (0000504000100400000003) ;
RUNTEST 20000 TCK;
SDR 82 TDI (000080040000d400000000) TDO (0000000000000000000001) MASK (0000000000000000000003) ;
SDR 82 TDI (000080040000d400000001) ;
SDR 82 TDI (000084004000d000000001) ;
SDR 82 TDI (000088000000d400000001) ;
SDR 82 TDI (00008c000000d480700001) ;
SDR 82 TDI (000090200000d480000001) ;
SDR 82 TDI (0000a00400009000040001) ;
SDR 82 TDI (0000a40000001000000001) ;
SDR 82 TDI (0000a8000000d000000001) ;
SDR 82 TDI (0000ac0000005080300001) ;
SDR 82 TDI (0000b08000005000000001) ;
SDR 82 TDI (0000c00000000800000001) ;
SDR 82 TDI (0000c48000000800000001) ;
SDR 82 TDI (0000c88880006040000001) ;
SDR 82 TDI (0000cc00000040402c0001) ;
SDR 82 TDI (0000d08000004040000003) ;
RUNTEST 20000 TCK;
SDR 82 TDI (0001000004000000000000) TDO (0000000000000000000001) MASK (0000000000000000000003) ;
SDR 82 TDI (0001000004000000000001) ;
SDR 82 TDI (0001040000000000000101) ;
SDR 82 TDI (0001080000500000000101) ;
SDR 82 TDI (00010c0000004000000101) ;
SDR 82 TDI (0001100000004000000001) ;
SDR 82 TDI (0001200000000000000001) ;
SDR 82 TDI (0001240040000000000001) ;
SDR 82 TDI (0001280000000000000001) ;
SDR 82 TDI (00012c0000004000000001) ;
SDR 82 TDI (0001300000004000000001) ;
SDR 82 TDI (0001400000000000000001) ;
SDR 82 TDI (0001440000080000000001) ;
SDR 82 TDI (0001480000000000000001) ;
SDR 82 TDI (00014c0000000004000001) ;
SDR 82 TDI (0001500000000000000003) ;
RUNTEST 20000 TCK;
SDR 82 TDI (0001800000504000000000) TDO (0000000000000000000001) MASK (0000000000000000000003) ;
SDR 82 TDI (0001800000504000000001) ;
SDR 82 TDI (0001840000004000000001) ;
SDR 82 TDI (0001880000804000000001) ;
SDR 82 TDI (00018c0000000000000001) ;
SDR 82 TDI (0001900000000000000001) ;
SDR 82 TDI (0001a00000000000000001) ;
SDR 82 TDI (0001a40000000000000001) ;
SDR 82 TDI (0001a80000004000000001) ;
SDR 82 TDI (0001ac0000000000000001) ;
SDR 82 TDI (0001b00000000000000001) ;
SDR 82 TDI (0001c00000000000000001) ;
SDR 82 TDI (0001c40000000000000001) ;
SDR 82 TDI (0001c80000080000000001) ;
SDR 82 TDI (0001cc0000000000000001) ;
SDR 82 TDI (0001d00000000004000003) ;
RUNTEST 20000 TCK;
SDR 82 TDI (0002000000000048040000) TDO (0000000000000000000001) MASK (0000000000000000000003) ;
SDR 82 TDI (0002000000000048040001) ;
SDR 82 TDI (0002044800000068800021) ;
SDR 82 TDI (0002088800000068000001) ;
SDR 82 TDI (00020c0000000060880001) ;
SDR 82 TDI (0002100000000060000001) ;
SDR 82 TDI (0002200400000010080001) ;
SDR 82 TDI (0002240000000040000001) ;
SDR 82 TDI (0002280000000050000001) ;
SDR 82 TDI (00022c1400000040480001) ;
SDR 82 TDI (0002300000000040000001) ;
SDR 82 TDI (0002408000000020000011) ;
SDR 82 TDI (0002440000000024800011) ;
SDR 82 TDI (0002480000000034000001) ;
SDR 82 TDI (00024c5000000030c00001) ;
SDR 82 TDI (0002501800000030000003) ;
RUNTEST 20000 TCK;
SDR 82 TDI (0002804000000020008020) TDO (0000000000000000000001) MASK (0000000000000000000003) ;
SDR 82 TDI (0002804000000020008021) ;
SDR 82 TDI (0002848000004000000001) ;
SDR 82 TDI (0002880000200000000001) ;
SDR 82 TDI (00028c0400000000000001) ;
SDR 82 TDI (0002900000004000000001) ;
SDR 82 TDI (0002a00000000040000001) ;
SDR 82 TDI (0002a49020000000000001) ;
SDR 82 TDI (0002a89400004020000001) ;
SDR 82 TDI (0002acc000000000000001) ;
SDR 82 TDI (0002b08000004020000001) ;
SDR 82 TDI (0002c04000000050000001) ;
SDR 82 TDI (0002c41000000040000001) ;
SDR 82 TDI (0002c85000000000000001) ;
SDR 82 TDI (0002cc0000000000000001) ;
SDR 82 TDI (0002d06000000000000003) ;
RUNTEST 20000 TCK;
SDR 82 TDI (0003000800000000040100) TDO (0000000000000000000001) MASK (0000000000000000000003) ;
SDR 82 TDI (0003000800000000040101) ;
SDR 82 TDI (0003040040000008800101) ;
SDR 82 TDI (0003080040000008000181) ;
SDR 82 TDI (00030c0040000000000301) ;
SDR 82 TDI (0003100000000000000101) ;
SDR 82 TDI (0003200000000000480201) ;
SDR 82 TDI (0003240800000000000001) ;
SDR 82 TDI (0003280000000000000101) ;
SDR 82 TDI (00032c0040000010000001) ;
SDR 82 TDI (0003300000000010000001) ;
SDR 82 TDI (0003400080000000400001) ;
SDR 82 TDI (0003440000000000800001) ;
SDR 82 TDI (0003480080000000000001) ;
SDR 82 TDI (00034c0080000000000001) ;
SDR 82 TDI (0003500080000000000003) ;
RUNTEST 20000 TCK;
SDR 82 TDI (0003800044004000800100) TDO (0000000000000000000001) MASK (0000000000000000000003) ;
SDR 82 TDI (0003800044004000800101) ;
SDR 82 TDI (0003840800004000000381) ;
SDR 82 TDI (0003880800004000000001) ;
SDR 82 TDI (00038c0000004000000201) ;
SDR 82 TDI (0003900080004000000101) ;
SDR 82 TDI (0003a00040000000000301) ;
SDR 82 TDI (0003a40000000000000001) ;
SDR 82 TDI (0003a80000004000000001) ;
SDR 82 TDI (0003ac0000004000000001) ;
SDR 82 TDI (0003b00000004000000001) ;
SDR 82 TDI (0003c00000000000000001) ;
SDR 82 TDI (0003c40080000000000001) ;
SDR 82 TDI (0003c80000000000000001) ;
SDR 82 TDI (0003cc0000000000000001) ;
SDR 82 TDI (0003d00000000000000003) ;
RUNTEST 20000 TCK;
SDR 82 TDI (0004003c40004800040000) TDO (0000000000000000000001) MASK (0000000000000000000003) ;
SDR 82 TDI (0004003c40004800040001) ;
SDR 82 TDI (0004040040004800800001) ;
SDR 82 TDI (0004080040004800000081) ;
SDR 82 TDI (00040c0040004c00000001) ;
SDR 82 TDI (000410004000cc00000001) ;
SDR 82 TDI (0004204000000000080001) ;
SDR 82 TDI (0004240000003000000001) ;
SDR 82 TDI (0004280040007400000001) ;
SDR 82 TDI (00042c0040007400000001) ;
SDR 82 TDI (0004300040007000000001) ;
SDR 82 TDI (0004400080800000400001) ;
SDR 82 TDI (0004440080000000000001) ;
SDR 82 TDI (0004480080005000000001) ;
SDR 82 TDI (00044c0080805000000001) ;
SDR 82 TDI (0004500000005000000003) ;
RUNTEST 20000 TCK;
SDR 82 TDI (0004808080009484880008) TDO (0000000000000000000001) MASK (0000000000000000000003) ;
SDR 82 TDI (0004808080009484880009) ;
SDR 82 TDI (000484c400009484000081) ;
SDR 82 TDI (0004888400009484000001) ;
SDR 82 TDI (00048c8400009084000001) ;
SDR 82 TDI (0004908400001084000001) ;
SDR 82 TDI (0004a08000009084000001) ;
SDR 82 TDI (0004a4c480008484000001) ;
SDR 82 TDI (0004a8c400008084000001) ;
SDR 82 TDI (0004acc400000084000001) ;
SDR 82 TDI (0004b04400000084000001) ;
SDR 82 TDI (0004c0c000000880800001) ;
SDR 82 TDI (0004c40000000880000001) ;
SDR 82 TDI (0004c840000000c0000001) ;
SDR 82 TDI (0004cc80000000c0000001) ;
SDR 82 TDI (0004d000800000c0000003) ;
RUNTEST 20000 TCK;
SDR 82 TDI (0005000000000000000000) TDO (0000000000000000000001) MASK (0000000000000000000003) ;
SDR 82 TDI (0005000000000000000001) ;
SDR 82 TDI (0005040000140000000001) ;
SDR 82 TDI (0005080000100000000001) ;
SDR 82 TDI (00050c0000c00000000001) ;
SDR 82 TDI (0005100000000000000001) ;
SDR 82 TDI (0005200000040000000001) ;
SDR 82 TDI (0005240000000000000001) ;
SDR 82 TDI (0005280000040000000001) ;
SDR 82 TDI (00052c0000000400000001) ;
SDR 82 TDI (0005300000800000000001) ;
SDR 82 TDI (0005400000000000000001) ;
SDR 82 TDI (0005440000000000000001) ;
SDR 82 TDI (0005480000000000000001) ;
SDR 82 TDI (00054c0000000000000001) ;
SDR 82 TDI (0005500000001000000003) ;
RUNTEST 20000 TCK;
SDR 82 TDI (0005800008004000000000) TDO (0000000000000000000001) MASK (0000000000000000000003) ;
SDR 82 TDI (0005800008004000000001) ;
SDR 82 TDI (0005840000404000000001) ;
SDR 82 TDI (0005880000404000000001) ;
SDR 82 TDI (00058c0000004400000001) ;
SDR 82 TDI (000590000000c400000001) ;
SDR 82 TDI (0005a00000004000040001) ;
SDR 82 TDI (0005a40000001000000001) ;
SDR 82 TDI (0005a80000005000000001) ;
SDR 82 TDI (0005ac0000005000000001) ;
SDR 82 TDI (0005b00000005000000001) ;
SDR 82 TDI (0005c00020000000000001) ;
SDR 82 TDI (0005c40000000000000001) ;
SDR 82 TDI (0005c80000084000000001) ;
SDR 82 TDI (0005cc0000004000000001) ;
SDR 82 TDI (0005d00000004000000003) ;
RUNTEST 20000 TCK;
SDR 82 TDI (0006014303020b03020300) TDO (0000000000000000000001) MASK (0000000000000000000003) ;
SDR 82 TDI (0006014303020b03020301) ;
SDR 82 TDI (0006060303030a03020301) ;
SDR 82 TDI (0006080303030902020301) ;
SDR 82 TDI (00060f0303020f03020301) ;
SDR 82 TDI (000613030303ad23020301) ;
SDR 82 TDI (0006210303020303020301) ;
SDR 82 TDI (0006250303033103020301) ;
SDR 82 TDI (00062b0303003603030301) ;
SDR 82 TDI (00062c0303033503030301) ;
SDR 82 TDI (0006300000003000000001) ;
SDR 82 TDI (0006400000400000000001) ;
SDR 82 TDI (0006440000000020000001) ;
SDR 82 TDI (0006480000005030000001) ;
SDR 82 TDI (00064c0000005030000001) ;
SDR 82 TDI (0006500000005430000003) ;
RUNTEST 20000 TCK;
SDR 82 TDI (0006820000010000000000) TDO (0000000000000000000001) MASK (0000000000000000000003) ;
SDR 82 TDI (0006820000010000000001) ;
SDR 82 TDI (0006850000000100000001) ;
SDR 82 TDI (00068b0000000200000001) ;
SDR 82 TDI (00068c0000010000000001) ;
SDR 82 TDI (0006900000000200000001) ;
SDR 82 TDI (0006a20004010000040001) ;
SDR 82 TDI (0006a60000000200000001) ;
SDR 82 TDI (0006a80000030100000001) ;
SDR 82 TDI (0006af0000000200000001) ;
SDR 82 TDI (0006b00000000040000001) ;
SDR 82 TDI (0006c00000000008080001) ;
SDR 82 TDI (0006c40000000008000081) ;
SDR 82 TDI (0006c80000000008000001) ;
SDR 82 TDI (0006cc0000008000000001) ;
SDR 82 TDI (0006d00000008000000003) ;
RUNTEST 20000 TCK;
SDR 82 TDI (0007010002020360000200) TDO (0000000000000000000001) MASK (0000000000000000000003) ;
SDR 82 TDI (0007010002020360000201) ;
SDR 82 TDI (0007060303010260000201) ;
SDR 82 TDI (0007080202030120000201) ;
SDR 82 TDI (00070d0203020320000201) ;
SDR 82 TDI (0007130303030020000001) ;
SDR 82 TDI (0007220101220300000201) ;
SDR 82 TDI (0007250203030102000201) ;
SDR 82 TDI (00072a0101000700000301) ;
SDR 82 TDI (00072c0303030103000301) ;
SDR 82 TDI (0007300000000020000001) ;
SDR 82 TDI (0007400000000020000001) ;
SDR 82 TDI (0007440000000020000001) ;
SDR 82 TDI (0007480000000030000001) ;
SDR 82 TDI (00074c0000001030000001) ;
SDR 82 TDI (0007500000000030000003) ;
RUNTEST 20000 TCK;
SDR 82 TDI (0007820001014002102000) TDO (0000000000000000000001) MASK (0000000000000000000003) ;
SDR 82 TDI (0007820001014002102001) ;
SDR 82 TDI (0007850003024100000001) ;
SDR 82 TDI (00078b0002004200000001) ;
SDR 82 TDI (00078e0000014400000001) ;
SDR 82 TDI (000790020000c600000001) ;
SDR 82 TDI (0007a30000110000040001) ;
SDR 82 TDI (0007a60000001200000001) ;
SDR 82 TDI (0007a90202035141000001) ;
SDR 82 TDI (0007af0001005200000001) ;
SDR 82 TDI (0007b00000005000000001) ;
SDR 82 TDI (0007c00010000000080001) ;
SDR 82 TDI (0007c40000000040000001) ;
SDR 82 TDI (0007c80000004000000001) ;
SDR 82 TDI (0007cc0000004000000001) ;
SDR 82 TDI (0007d00000004000000003) ;
RUNTEST 20000 TCK;
SDR 82 TDI (000801002202d300000020) TDO (0000000000000000000001) MASK (0000000000000000000003) ;
SDR 82 TDI (000801002202d300000021) ;
SDR 82 TDI (000804000300c000000001) ;
SDR 82 TDI (0008080002011100000001) ;
SDR 82 TDI (00080d0202025500000001) ;
SDR 82 TDI (000812020001c000000001) ;
SDR 82 TDI (0008200001008500000001) ;
SDR 82 TDI (0008250203039500000201) ;
SDR 82 TDI (0008280001009200000201) ;
SDR 82 TDI (00082c0203020001000001) ;
SDR 82 TDI (0008300000000000000001) ;
SDR 82 TDI (0008400000000800000001) ;
SDR 82 TDI (0008440000008000000001) ;
SDR 82 TDI (0008480000004000000001) ;
SDR 82 TDI (00084c0020008000000001) ;
SDR 82 TDI (0008500000000000000003) ;
RUNTEST 20000 TCK;
SDR 82 TDI (0008820010010000000000) TDO (0000000000000000000001) MASK (0000000000000000000003) ;
SDR 82 TDI (0008820010010000000001) ;
SDR 82 TDI (0008870000030300000021) ;
SDR 82 TDI (00088a0000020200000001) ;
SDR 82 TDI (00088e0000012200000001) ;
SDR 82 TDI (0008900000030200000001) ;
SDR 82 TDI (0008a30800020210000001) ;
SDR 82 TDI (0008a60000000240000001) ;
SDR 82 TDI (0008ab0002030111000001) ;
SDR 82 TDI (0008af0000010b00000001) ;
SDR 82 TDI (0008b00000000000000001) ;
SDR 82 TDI (0008c00000008000000001) ;
SDR 82 TDI (0008c40000000004000011) ;
SDR 82 TDI (0008c80000000004000001) ;
SDR 82 TDI (0008cc0000000400000001) ;
SDR 82 TDI (0008d00000000000000003) ;
RUNTEST 20000 TCK;
SDR 82 TDI (0009010000020302000000) TDO (0000000000000000000001) MASK (0000000000000000000003) ;
SDR 82 TDI (0009010000020302000001) ;
SDR 82 TDI (0009040002000202000001) ;
SDR 82 TDI (0009080203010083000001) ;
SDR 82 TDI (00090c0202020833000001) ;
SDR 82 TDI (0009120200010043000201) ;
SDR 82 TDI (0009200000000003000001) ;
SDR 82 TDI (0009250202030103000001) ;
SDR 82 TDI (0009280000000201000001) ;
SDR 82 TDI (00092c0203020003000201) ;
SDR 82 TDI (0009300000000080000001) ;
SDR 82 TDI (0009400000100020000001) ;
SDR 82 TDI (0009440000000000000001) ;
SDR 82 TDI (0009482000001000000001) ;
SDR 82 TDI (00094c0000000000000081) ;
SDR 82 TDI (00095000000000c0000003) ;
RUNTEST 20000 TCK;
SDR 82 TDI (0009820002214002100054) TDO (0000000000000000000001) MASK (0000000000000000000003) ;
SDR 82 TDI (0009820002214002100055) ;
SDR 82 TDI (0009870000034302000001) ;
SDR 82 TDI (00098a020100430b000001) ;
SDR 82 TDI (00098e0000014643000001) ;
SDR 82 TDI (000990000003c603000201) ;
SDR 82 TDI (0009a30000020203140001) ;
SDR 82 TDI (0009a60010001307000001) ;
SDR 82 TDI (0009ab0003015111000001) ;
SDR 82 TDI (0009af2000015307000201) ;
SDR 82 TDI (0009b02000005010000001) ;
SDR 82 TDI (0009c00000000000080001) ;
SDR 82 TDI (0009c40000000000000001) ;
SDR 82 TDI (0009c800000040a4000001) ;
SDR 82 TDI (0009cc0000004010000001) ;
SDR 82 TDI (0009d00000004030000003) ;
RUNTEST 20000 TCK;
SDR 82 TDI (000a010000020300000000) TDO (0000000000000000000001) MASK (0000000000000000000003) ;
SDR 82 TDI (000a010000020300000001) ;
SDR 82 TDI (000a040002000000000001) ;
SDR 82 TDI (000a084000010000000001) ;
SDR 82 TDI (000a0c6000020000000001) ;
SDR 82 TDI (000a126200010000000001) ;
SDR 82 TDI (000a200400000000000001) ;
SDR 82 TDI (000a250600030010000001) ;
SDR 82 TDI (000a280400000000000001) ;
SDR 82 TDI (000a2c0603020001000001) ;
SDR 82 TDI (000a308400000000000001) ;
SDR 82 TDI (000a401000000000000001) ;
SDR 82 TDI (000a448000000000000001) ;
SDR 82 TDI (000a488800000000000001) ;
SDR 82 TDI (000a4cc800000000000001) ;
SDR 82 TDI (000a50c000000000000003) ;
RUNTEST 20000 TCK;
SDR 82 TDI (000a820000010000300000) TDO (0000000000000000000001) MASK (0000000000000000000003) ;
SDR 82 TDI (000a820000010000300001) ;
SDR 82 TDI (000a870000022300000001) ;
SDR 82 TDI (000a8a3000000300000001) ;
SDR 82 TDI (000a8e0200010200000001) ;
SDR 82 TDI (000a900000020200000001) ;
SDR 82 TDI (000aa30000020200140001) ;
SDR 82 TDI (000aa60008000200000001) ;
SDR 82 TDI (000aaa0002010300000001) ;
SDR 82 TDI (000aaf0000010300000001) ;
SDR 82 TDI (000ab00000000000000001) ;
SDR 82 TDI (000ac00000000000080001) ;
SDR 82 TDI (000ac40000000400000001) ;
SDR 82 TDI (000ac80000000000000001) ;
SDR 82 TDI (000acc0000000000000001) ;
SDR 82 TDI (000ad00000000000000003) ;
RUNTEST 20000 TCK;
SDR 82 TDI (000b000000020000000000) TDO (0000000000000000000001) MASK (0000000000000000000003) ;
SDR 82 TDI (000b000000020000000001) ;
SDR 82 TDI (000b040000010100000001) ;
SDR 82 TDI (000b080200010101000001) ;
SDR 82 TDI (000b0e0201000000000001) ;
SDR 82 TDI (000b110003010101000001) ;
SDR 82 TDI (000b210000000102000001) ;
SDR 82 TDI (000b240103000100000001) ;
SDR 82 TDI (000b292002000002000001) ;
SDR 82 TDI (000b2c0200000000000001) ;
SDR 82 TDI (000b300000000000000001) ;
SDR 82 TDI (000b400000000000002001) ;
SDR 82 TDI (000b440000000000000001) ;
SDR 82 TDI (000b480000000000000001) ;
SDR 82 TDI (000b4c0000000000000001) ;
SDR 82 TDI (000b500000000004000003) ;
RUNTEST 20000 TCK;
SDR 82 TDI (000b810000020300300000) TDO (0000000000000000000001) MASK (0000000000000000000003) ;
SDR 82 TDI (000b810000020300300001) ;
SDR 82 TDI (000b860002000000000001) ;
SDR 82 TDI (000b8a0000010000000001) ;
SDR 82 TDI (000b8e0000000200000001) ;
SDR 82 TDI (000b920200000000000001) ;
SDR 82 TDI (000ba00000000200340001) ;
SDR 82 TDI (000ba50000030000000001) ;
SDR 82 TDI (000baa0000040200000001) ;
SDR 82 TDI (000bac2203020101000001) ;
SDR 82 TDI (000bb02000000000000001) ;
SDR 82 TDI (000bc00000000000080021) ;
SDR 82 TDI (000bc40000000000000001) ;
SDR 82 TDI (000bc80000000000000001) ;
SDR 82 TDI (000bcc0000000000000001) ;
SDR 82 TDI (000bd00000000000000003) ;
RUNTEST 20000 TCK;
SDR 82 TDI (000c010040020168000000) TDO (0000000000000000000001) MASK (0000000000000000000003) ;
SDR 82 TDI (000c010040020168000001) ;
SDR 82 TDI (000c050040120568000001) ;
SDR 82 TDI (000c084040110468000001) ;
SDR 82 TDI (000c0c4040020060000001) ;
SDR 82 TDI (000c124040000060000001) ;
SDR 82 TDI (000c200400040010000041) ;
SDR 82 TDI (000c250080018040000001) ;
SDR 82 TDI (000c280040048050000001) ;
SDR 82 TDI (000c2c0042020041000001) ;
SDR 82 TDI (000c308040000040000001) ;
SDR 82 TDI (000c400080000020000001) ;
SDR 82 TDI (000c448080008024000001) ;
SDR 82 TDI (000c488080008034000001) ;
SDR 82 TDI (000c4c4080008030000001) ;
SDR 82 TDI (000c50c080008030000003) ;
RUNTEST 20000 TCK;
SDR 82 TDI (000c80800141a002300000) TDO (0000000000000000000001) MASK (0000000000000000000003) ;
SDR 82 TDI (000c80800141a002300001) ;
SDR 82 TDI (000c857400062100000001) ;
SDR 82 TDI (000c890480029100000001) ;
SDR 82 TDI (000c8c0400c10000000001) ;
SDR 82 TDI (000c900400020000000001) ;
SDR 82 TDI (000ca20000001040344001) ;
SDR 82 TDI (000ca44000001000000001) ;
SDR 82 TDI (000ca94000010020000001) ;
SDR 82 TDI (000cac4000001000000001) ;
SDR 82 TDI (000cb04000800000000001) ;
SDR 82 TDI (000cc08000000c00280001) ;
SDR 82 TDI (000cc40000000c10000001) ;
SDR 82 TDI (000cc80000004000000001) ;
SDR 82 TDI (000ccc0000004000000001) ;
SDR 82 TDI (000cd00000000000000003) ;
RUNTEST 20000 TCK;
SDR 82 TDI (000d010343020303020300) TDO (0000000000000000000001) MASK (0000000000000000000003) ;
SDR 82 TDI (000d010343020303020301) ;
SDR 82 TDI (000d074343030303220301) ;
SDR 82 TDI (000d0a0343030103020301) ;
SDR 82 TDI (000d0f0343020303020301) ;
SDR 82 TDI (000d130343030143020301) ;
SDR 82 TDI (000d230303030303020301) ;
SDR 82 TDI (000d254383030103020301) ;
SDR 82 TDI (000d2b4343000303030301) ;
SDR 82 TDI (000d2c4343030143030301) ;
SDR 82 TDI (000d304040000040000001) ;
SDR 82 TDI (000d404080000040000001) ;
SDR 82 TDI (000d440080000000000081) ;
SDR 82 TDI (000d484080000000000001) ;
SDR 82 TDI (000d4c0080000000000001) ;
SDR 82 TDI (000d500080000000000003) ;
RUNTEST 20000 TCK;
SDR 82 TDI (000d800000009c60000000) TDO (0000000000000000000001) MASK (0000000000000000000003) ;
SDR 82 TDI (000d800000009c60000001) ;
SDR 82 TDI (000d840080009c60000001) ;
SDR 82 TDI (000d88400000bc20000001) ;
SDR 82 TDI (000d8c400000bc20000001) ;
SDR 82 TDI (000d90400000bc00000001) ;
SDR 82 TDI (000da04000009000000001) ;
SDR 82 TDI (000da4040000b000000001) ;
SDR 82 TDI (000da8040010b400000001) ;
SDR 82 TDI (000dac0400003400000001) ;
SDR 82 TDI (000db00400003020000001) ;
SDR 82 TDI (000dc01000000820000081) ;
SDR 82 TDI (000dc40000008800000001) ;
SDR 82 TDI (000dc8000000d400000001) ;
SDR 82 TDI (000dccc80000d400000001) ;
SDR 82 TDI (000dd0400000d400000003) ;
RUNTEST 20000 TCK;
SDR 82 TDI (000e000000000000000000) TDO (0000000000000000000001) MASK (0000000000000000000003) ;
SDR 82 TDI (000e000000000000000001) ;
SDR 82 TDI (000e040000000000000001) ;
SDR 82 TDI (000e080000000000000001) ;
SDR 82 TDI (000e0c0000000000000001) ;
SDR 82 TDI (000e100000000000000001) ;
SDR 82 TDI (000e200000000000800001) ;
SDR 82 TDI (000e240000000000000001) ;
SDR 82 TDI (000e280000000000000001) ;
SDR 82 TDI (000e2c0000000000000001) ;
SDR 82 TDI (000e300000000000000001) ;
SDR 82 TDI (000e400000000000000001) ;
SDR 82 TDI (000e440000000000000001) ;
SDR 82 TDI (000e480000000000000001) ;
SDR 82 TDI (000e4c0000000000000001) ;
SDR 82 TDI (000e500000000000000003) ;
RUNTEST 20000 TCK;
SDR 82 TDI (000e800000000000000000) TDO (0000000000000000000001) MASK (0000000000000000000003) ;
SDR 82 TDI (000e800000000000000001) ;
SDR 82 TDI (000e840000000000000001) ;
SDR 82 TDI (000e880040000000000001) ;
SDR 82 TDI (000e8c0000000000000001) ;
SDR 82 TDI (000e900000000000000001) ;
SDR 82 TDI (000ea00000000000000011) ;
SDR 82 TDI (000ea40800004000000011) ;
SDR 82 TDI (000ea80000000000100001) ;
SDR 82 TDI (000eac0000000000000001) ;
SDR 82 TDI (000eb00000000000000001) ;
SDR 82 TDI (000ec00000000000100001) ;
SDR 82 TDI (000ec40000000000000001) ;
SDR 82 TDI (000ec80000000000000001) ;
SDR 82 TDI (000ecc0080000004000001) ;
SDR 82 TDI (000ed00000000004000003) ;
RUNTEST 20000 TCK;
SDR 82 TDI (000f000040000000000080) TDO (0000000000000000000001) MASK (0000000000000000000003) ;
SDR 82 TDI (000f000040000000000081) ;
SDR 82 TDI (000f050300030300000001) ;
SDR 82 TDI (000f0a0200020000000001) ;
SDR 82 TDI (000f0c0000000000000001) ;
SDR 82 TDI (000f110102030100000001) ;
SDR 82 TDI (000f210302030100000081) ;
SDR 82 TDI (000f240080000000000001) ;
SDR 82 TDI (000f290302000002000001) ;
SDR 82 TDI (000f2c2100010001000001) ;
SDR 82 TDI (000f302040200000000001) ;
SDR 82 TDI (000f400000000000000001) ;
SDR 82 TDI (000f440080000000000001) ;
SDR 82 TDI (000f480000000000000001) ;
SDR 82 TDI (000f4c0000200000000001) ;
SDR 82 TDI (000f500000100000000003) ;
RUNTEST 20000 TCK;
SDR 82 TDI (000f800004000000040000) TDO (0000000000000000000001) MASK (0000000000000000000003) ;
SDR 82 TDI (000f800004000000040001) ;
SDR 82 TDI (000f840000080000800081) ;
SDR 82 TDI (000f880000000000000081) ;
SDR 82 TDI (000f8c0000000000000001) ;
SDR 82 TDI (000f900080000000000001) ;
SDR 82 TDI (000fa00040000008480001) ;
SDR 82 TDI (000fa40000000000000081) ;
SDR 82 TDI (000fa80000000000000081) ;
SDR 82 TDI (000fac0000000000000001) ;
SDR 82 TDI (000fb00000000000000001) ;
SDR 82 TDI (000fc00000000000400041) ;
SDR 82 TDI (000fc40000000000800041) ;
SDR 82 TDI (000fc80000000000000001) ;
SDR 82 TDI (000fcc0000000000000001) ;
SDR 82 TDI (000fd00000000000000003) ;
RUNTEST 20000 TCK;
SDR 82 TDI (0010000004500000000000) TDO (0000000000000000000001) MASK (0000000000000000000003) ;
SDR 82 TDI (0010000004500000000001) ;
SDR 82 TDI (0010050300030000000001) ;
SDR 82 TDI (0010080000820000000001) ;
SDR 82 TDI (00100c0000000000000001) ;
SDR 82 TDI (0010110180020100000001) ;
SDR 82 TDI (0010230342030100000001) ;
SDR 82 TDI (0010240080000000000001) ;
SDR 82 TDI (0010290300000102000001) ;
SDR 82 TDI (00102c0100010000000001) ;
SDR 82 TDI (0010300000000000000001) ;
SDR 82 TDI (0010400000000000000001) ;
SDR 82 TDI (0010440000000000000001) ;
SDR 82 TDI (0010480000080000000001) ;
SDR 82 TDI (00104c0000000000000001) ;
SDR 82 TDI (0010500080000000000003) ;
RUNTEST 20000 TCK;
SDR 82 TDI (0010810202024303020300) TDO (0000000000000000000001) MASK (0000000000000000000003) ;
SDR 82 TDI (0010810202024303020301) ;
SDR 82 TDI (0010868000504303020201) ;
SDR 82 TDI (00108a8301014103000301) ;
SDR 82 TDI (00108f8100024303000301) ;
SDR 82 TDI (0010928042014003000301) ;
SDR 82 TDI (0010a08000000203000301) ;
SDR 82 TDI (0010a58100030103000301) ;
SDR 82 TDI (0010aa0001004201010301) ;
SDR 82 TDI (0010ac0000024103030301) ;
SDR 82 TDI (0010b00000004000000001) ;
SDR 82 TDI (0010c00000084000000001) ;
SDR 82 TDI (0010c40000000000000001) ;
SDR 82 TDI (0010c80000000000000001) ;
SDR 82 TDI (0010cc0000000004000001) ;
SDR 82 TDI (0010d00000000004000003) ;
RUNTEST 20000 TCK;
SDR 82 TDI (0011000101000000000000) TDO (0000000000000000000001) MASK (0000000000000000000003) ;
SDR 82 TDI (0011000101000000000001) ;
SDR 82 TDI (0011040002000000000001) ;
SDR 82 TDI (0011080002000000000001) ;
SDR 82 TDI (00110c0201000000020001) ;
SDR 82 TDI (0011100281000000020001) ;
SDR 82 TDI (0011200040000000020001) ;
SDR 82 TDI (0011240200000000020001) ;
SDR 82 TDI (0011280002000000020001) ;
SDR 82 TDI (00112c0203000000000001) ;
SDR 82 TDI (0011300000000000000001) ;
SDR 82 TDI (0011400000000000000001) ;
SDR 82 TDI (0011442000000000000001) ;
SDR 82 TDI (0011480000000000000001) ;
SDR 82 TDI (00114c0000000000000001) ;
SDR 82 TDI (0011500000000000000003) ;
RUNTEST 20000 TCK;
SDR 82 TDI (0011800200040000040200) TDO (0000000000000000000001) MASK (0000000000000000000003) ;
SDR 82 TDI (0011800200040000040201) ;
SDR 82 TDI (0011840003000000800101) ;
SDR 82 TDI (0011880202000000020001) ;
SDR 82 TDI (00118c0002000000880001) ;
SDR 82 TDI (0011900200010000000001) ;
SDR 82 TDI (0011a00001000020082001) ;
SDR 82 TDI (0011a40003880000000001) ;
SDR 82 TDI (0011a80042000000010001) ;
SDR 82 TDI (0011ac2001800000480101) ;
SDR 82 TDI (0011b02000000000000001) ;
SDR 82 TDI (0011c00000000000000001) ;
SDR 82 TDI (0011c40000002000800001) ;
SDR 82 TDI (0011c80000000000000001) ;
SDR 82 TDI (0011cc0000000000c00001) ;
SDR 82 TDI (0011d00000000000000003) ;
RUNTEST 20000 TCK;
SDR 82 TDI (0012000000000000000000) TDO (0000000000000000000001) MASK (0000000000000000000003) ;
SDR 82 TDI (0012000000000000000001) ;
SDR 82 TDI (0012040000000000000001) ;
SDR 82 TDI (0012080000000010000001) ;
SDR 82 TDI (00120c0000000000000001) ;
SDR 82 TDI (0012100000000000000001) ;
SDR 82 TDI (0012200000006000000001) ;
SDR 82 TDI (0012240000000000000001) ;
SDR 82 TDI (0012280000000000000001) ;
SDR 82 TDI (00122c0000000000000001) ;
SDR 82 TDI (0012300000000000000001) ;
SDR 82 TDI (0012400000007000000001) ;
SDR 82 TDI (0012440400000000000001) ;
SDR 82 TDI (0012480000000000000001) ;
SDR 82 TDI (00124c0000000000000001) ;
SDR 82 TDI (0012500000000000000003) ;
RUNTEST 20000 TCK;
SDR 82 TDI (0012800000000002000000) TDO (0000000000000000000001) MASK (0000000000000000000003) ;
SDR 82 TDI (0012800000000002000001) ;
SDR 82 TDI (0012840000000002000001) ;
SDR 82 TDI (0012880001000003000001) ;
SDR 82 TDI (00128c0000000003000001) ;
SDR 82 TDI (0012900000000003000201) ;
SDR 82 TDI (0012a01000000003000001) ;
SDR 82 TDI (0012a40000004103000001) ;
SDR 82 TDI (0012a80000000001000001) ;
SDR 82 TDI (0012ac0000000002000201) ;
SDR 82 TDI (0012b00000000000000001) ;
SDR 82 TDI (0012c00c00000000000081) ;
SDR 82 TDI (0012c40000007000000001) ;
SDR 82 TDI (0012c80000002000000001) ;
SDR 82 TDI (0012cc0000000000000001) ;
SDR 82 TDI (0012d00000000000000003) ;
RUNTEST 20000 TCK;
SDR 82 TDI (0013000000000084000000) TDO (0000000000000000000001) MASK (0000000000000000000003) ;
SDR 82 TDI (0013000000000084000001) ;
SDR 82 TDI (0013040000000084000001) ;
SDR 82 TDI (0013080000000080000001) ;
SDR 82 TDI (00130c0000000084000001) ;
SDR 82 TDI (0013100000000084000001) ;
SDR 82 TDI (0013200000000080000001) ;
SDR 82 TDI (0013248000000080000001) ;
SDR 82 TDI (0013280000000080000001) ;
SDR 82 TDI (00132c0000000080000001) ;
SDR 82 TDI (0013300000000084000001) ;
SDR 82 TDI (0013400000000080000001) ;
SDR 82 TDI (0013440000000080000001) ;
SDR 82 TDI (0013480000000040000001) ;
SDR 82 TDI (00134c00000000c0000001) ;
SDR 82 TDI (00135000000000c0000003) ;
RUNTEST 20000 TCK;
SDR 82 TDI (0013810000000002000000) TDO (0000000000000000000001) MASK (0000000000000000000003) ;
SDR 82 TDI (0013810000000002000001) ;
SDR 82 TDI (0013840001000202000001) ;
SDR 82 TDI (00138a0000000103000001) ;
SDR 82 TDI (00138d0002000203000001) ;
SDR 82 TDI (0013920200000001000001) ;
SDR 82 TDI (0013a00001000001000001) ;
SDR 82 TDI (0013a40005010003000201) ;
SDR 82 TDI (0013a80000000001000201) ;
SDR 82 TDI (0013ac0000020002000001) ;
SDR 82 TDI (0013b00000000000000001) ;
SDR 82 TDI (0013c00000000000000001) ;
SDR 82 TDI (0013c40000000000000001) ;
SDR 82 TDI (0013c80000000000000001) ;
SDR 82 TDI (0013cc0000000000000001) ;
SDR 82 TDI (0013d00000000000000003) ;
RUNTEST 20000 TCK;
SDR 82 TDI (0014000000000000000000) TDO (0000000000000000000001) MASK (0000000000000000000003) ;
SDR 82 TDI (0014000000000000000001) ;
SDR 82 TDI (0014040000000000000001) ;
SDR 82 TDI (0014080000000000000001) ;
SDR 82 TDI (00140c0000000000000001) ;
SDR 82 TDI (0014100000000000000001) ;
SDR 82 TDI (0014200000000000000001) ;
SDR 82 TDI (0014240000000000000001) ;
SDR 82 TDI (0014280000000000000001) ;
SDR 82 TDI (00142c0000000000000001) ;
SDR 82 TDI (0014300000000000000001) ;
SDR 82 TDI (0014400000000000000001) ;
SDR 82 TDI (0014440000000000000021) ;
SDR 82 TDI (0014480000000000000001) ;
SDR 82 TDI (00144c0000000000000001) ;
SDR 82 TDI (0014500000000000000003) ;
RUNTEST 20000 TCK;
SDR 82 TDI (0014800000000000000000) TDO (0000000000000000000001) MASK (0000000000000000000003) ;
SDR 82 TDI (0014800000000000000001) ;
SDR 82 TDI (0014840000000000000001) ;
SDR 82 TDI (0014880000000000000001) ;
SDR 82 TDI (00148c0000000000000001) ;
SDR 82 TDI (0014900000000000000001) ;
SDR 82 TDI (0014a00000000000000001) ;
SDR 82 TDI (0014a40000000000000001) ;
SDR 82 TDI (0014a80000000000000081) ;
SDR 82 TDI (0014ac0000000000000001) ;
SDR 82 TDI (0014b00000000000000001) ;
SDR 82 TDI (0014c00000000000000001) ;
SDR 82 TDI (0014c40000000000000001) ;
SDR 82 TDI (0014c80000000000000001) ;
SDR 82 TDI (0014cc0000000000000001) ;
SDR 82 TDI (0014d00000000000000003) ;
RUNTEST 20000 TCK;
SDR 82 TDI (0015000000000000000000) TDO (0000000000000000000001) MASK (0000000000000000000003) ;
SDR 82 TDI (0015000000000000000001) ;
SDR 82 TDI (0015040000000100000001) ;
SDR 82 TDI (0015080000000800000001) ;
SDR 82 TDI (00150c0001000000000001) ;
SDR 82 TDI (0015100002000000000001) ;
SDR 82 TDI (0015200000000000000001) ;
SDR 82 TDI (0015240000000000000001) ;
SDR 82 TDI (0015280000000000000001) ;
SDR 82 TDI (00152c0000002000000001) ;
SDR 82 TDI (0015300000000000000001) ;
SDR 82 TDI (0015400000000000000001) ;
SDR 82 TDI (0015440000000000000001) ;
SDR 82 TDI (0015480000000000000001) ;
SDR 82 TDI (00154c0000000000000001) ;
SDR 82 TDI (0015500000000000000003) ;
RUNTEST 20000 TCK;
SDR 82 TDI (0015804000004000000000) TDO (0000000000000000000001) MASK (0000000000000000000003) ;
SDR 82 TDI (0015804000004000000001) ;
SDR 82 TDI (0015840000004000200001) ;
SDR 82 TDI (0015880000004000000001) ;
SDR 82 TDI (00158c0000004400000001) ;
SDR 82 TDI (001590000000c400000001) ;
SDR 82 TDI (0015a00000002000000001) ;
SDR 82 TDI (0015a40000001000000001) ;
SDR 82 TDI (0015a80000005000000001) ;
SDR 82 TDI (0015ac0000005000000001) ;
SDR 82 TDI (0015b00000005000000001) ;
SDR 82 TDI (0015c00000000000000001) ;
SDR 82 TDI (0015c40400000000000001) ;
SDR 82 TDI (0015c80000004000000001) ;
SDR 82 TDI (0015cc0000004000000001) ;
SDR 82 TDI (0015d00000004000000003) ;
RUNTEST 20000 TCK;
SDR 82 TDI (0016000000000000000000) TDO (0000000000000000000001) MASK (0000000000000000000003) ;
SDR 82 TDI (0016000000000000000001) ;
SDR 82 TDI (0016050300020000000001) ;
SDR 82 TDI (0016080200020000000001) ;
SDR 82 TDI (00160c0000004000000001) ;
SDR 82 TDI (0016110102034100000001) ;
SDR 82 TDI (0016200300020000000001) ;
SDR 82 TDI (0016240000000000000001) ;
SDR 82 TDI (0016280302000000000001) ;
SDR 82 TDI (00162c0100014000000001) ;
SDR 82 TDI (0016300000004000000001) ;
SDR 82 TDI (0016400000000000000001) ;
SDR 82 TDI (0016440000000000000001) ;
SDR 82 TDI (0016480000000000000001) ;
SDR 82 TDI (00164c0000000000000001) ;
SDR 82 TDI (0016500000000000000003) ;
RUNTEST 20000 TCK;
SDR 82 TDI (0016830303034303020300) TDO (0000000000000000000001) MASK (0000000000000000000003) ;
SDR 82 TDI (0016830303034303020301) ;
SDR 82 TDI (0016870303034303020301) ;
SDR 82 TDI (00168b0303034302020301) ;
SDR 82 TDI (00168f0303030303020301) ;
SDR 82 TDI (0016930303030303020301) ;
SDR 82 TDI (0016a30303030303020301) ;
SDR 82 TDI (0016a70303030303020301) ;
SDR 82 TDI (0016ab0303034303030301) ;
SDR 82 TDI (0016af0303030303030301) ;
SDR 82 TDI (0016b00000000000000001) ;
SDR 82 TDI (0016c00000002000000001) ;
SDR 82 TDI (0016c40000000000000001) ;
SDR 82 TDI (0016c80000000000000001) ;
SDR 82 TDI (0016cc0000000000000001) ;
SDR 82 TDI (0016d00000000000000003) ;
RUNTEST 20000 TCK;
SDR 82 TDI (0017034003034b02000200) TDO (0000000000000000000001) MASK (0000000000000000000003) ;
SDR 82 TDI (0017034003034b02000201) ;
SDR 82 TDI (0017078f03034b00000201) ;
SDR 82 TDI (00170b4a02034b00000201) ;
SDR 82 TDI (00170f8203034f00000201) ;
SDR 82 TDI (001713030303ee00000001) ;
SDR 82 TDI (0017230101030300000201) ;
SDR 82 TDI (0017274e03033702000201) ;
SDR 82 TDI (00172b0303837701000301) ;
SDR 82 TDI (00172f0303037703000301) ;
SDR 82 TDI (0017300000007000000001) ;
SDR 82 TDI (0017400000000000000001) ;
SDR 82 TDI (0017448000000000000001) ;
SDR 82 TDI (0017480000805000000001) ;
SDR 82 TDI (00174c0000005000000001) ;
SDR 82 TDI (0017500000005400000003) ;
RUNTEST 20000 TCK;
SDR 82 TDI (0017830002039700000000) TDO (0000000000000000000001) MASK (0000000000000000000003) ;
SDR 82 TDI (0017830002039700000001) ;
SDR 82 TDI (0017870003039300000001) ;
SDR 82 TDI (00178a0002039300000001) ;
SDR 82 TDI (00178f1202039300000001) ;
SDR 82 TDI (0017921200031200000001) ;
SDR 82 TDI (0017a32001029300000001) ;
SDR 82 TDI (0017a73203030300000201) ;
SDR 82 TDI (0017ab9003030301000201) ;
SDR 82 TDI (0017af9203030301000001) ;
SDR 82 TDI (0017b00000000000000001) ;
SDR 82 TDI (0017c04040000800000001) ;
SDR 82 TDI (0017c41000008800000001) ;
SDR 82 TDI (0017c85000008000000001) ;
SDR 82 TDI (0017cc1000000000000001) ;
SDR 82 TDI (0017d03800000000000003) ;
RUNTEST 20000 TCK;
SDR 82 TDI (0018030802030302000000) TDO (0000000000000000000001) MASK (0000000000000000000003) ;
SDR 82 TDI (0018030802030302000001) ;
SDR 82 TDI (0018070002030302000001) ;
SDR 82 TDI (00180a0203010303000001) ;
SDR 82 TDI (00180e0202032203000001) ;
SDR 82 TDI (001812c600030203000201) ;
SDR 82 TDI (0018230000020203000001) ;
SDR 82 TDI (0018270202030303100001) ;
SDR 82 TDI (00182b2003010301000001) ;
SDR 82 TDI (00182f0203030303000201) ;
SDR 82 TDI (0018304400000000000001) ;
SDR 82 TDI (0018402000008000000001) ;
SDR 82 TDI (0018440000000000000001) ;
SDR 82 TDI (0018480000000000000001) ;
SDR 82 TDI (00184c0000000400000001) ;
SDR 82 TDI (0018508000000000000003) ;
RUNTEST 20000 TCK;
SDR 82 TDI (0018830000030700000000) TDO (0000000000000000000001) MASK (0000000000000000000003) ;
SDR 82 TDI (0018830000030700000001) ;
SDR 82 TDI (0018870002021700000001) ;
SDR 82 TDI (00188a080001c700000001) ;
SDR 82 TDI (00188e0200038200000001) ;
SDR 82 TDI (0018921200031600000001) ;
SDR 82 TDI (0018a30020021200800001) ;
SDR 82 TDI (0018a72200030200000001) ;
SDR 82 TDI (0018aa1002014300100001) ;
SDR 82 TDI (0018af9203035301000001) ;
SDR 82 TDI (0018b02000005000000001) ;
SDR 82 TDI (0018c00000000000004001) ;
SDR 82 TDI (0018c40000000800000001) ;
SDR 82 TDI (0018c85000008000100001) ;
SDR 82 TDI (0018cc0000004000000001) ;
SDR 82 TDI (0018d0100000c000100003) ;
RUNTEST 20000 TCK;
SDR 82 TDI (0019010001000301000200) TDO (0000000000000000000001) MASK (0000000000000000000003) ;
SDR 82 TDI (0019010001000301000201) ;
SDR 82 TDI (0019050103010200000001) ;
SDR 82 TDI (0019090100010200000001) ;
SDR 82 TDI (00190e0000000000000001) ;
SDR 82 TDI (0019110101000301020201) ;
SDR 82 TDI (0019200000000000000001) ;
SDR 82 TDI (0019240000000000000001) ;
SDR 82 TDI (0019280000000000000001) ;
SDR 82 TDI (00192c0000000000000001) ;
SDR 82 TDI (0019300000000000000001) ;
SDR 82 TDI (0019400000000000000001) ;
SDR 82 TDI (0019440000000000000001) ;
SDR 82 TDI (0019480000000000000001) ;
SDR 82 TDI (00194c0000000000000001) ;
SDR 82 TDI (0019500000000000000003) ;
RUNTEST 20000 TCK;
SDR 82 TDI (0019820100030302000000) TDO (0000000000000000000001) MASK (0000000000000000000003) ;
SDR 82 TDI (0019820100030302000001) ;
SDR 82 TDI (0019860002020202000001) ;
SDR 82 TDI (00198a0102030202000201) ;
SDR 82 TDI (00198c0000000000000001) ;
SDR 82 TDI (0019900103000100000201) ;
SDR 82 TDI (0019a00000000000000001) ;
SDR 82 TDI (0019a40000000000000001) ;
SDR 82 TDI (0019a80000000000000001) ;
SDR 82 TDI (0019ac0000000000000001) ;
SDR 82 TDI (0019b00000000000000001) ;
SDR 82 TDI (0019c00000000000000001) ;
SDR 82 TDI (0019c40000000000000001) ;
SDR 82 TDI (0019c80000000000000001) ;
SDR 82 TDI (0019cc0000000000000001) ;
SDR 82 TDI (0019d00000000000000003) ;
RUNTEST 20000 TCK;
SDR 82 TDI (001a000000000100000100) TDO (0000000000000000000001) MASK (0000000000000000000003) ;
SDR 82 TDI (001a000000000100000101) ;
SDR 82 TDI (001a050001000000010001) ;
SDR 82 TDI (001a090101010100000101) ;
SDR 82 TDI (001a0e0002000000000001) ;
SDR 82 TDI (001a100001000101010101) ;
SDR 82 TDI (001a200000000000000001) ;
SDR 82 TDI (001a240000000000000001) ;
SDR 82 TDI (001a280000000000000001) ;
SDR 82 TDI (001a2c0000000000000001) ;
SDR 82 TDI (001a300000000000000001) ;
SDR 82 TDI (001a400000000000000001) ;
SDR 82 TDI (001a440000000000000001) ;
SDR 82 TDI (001a480000000000000001) ;
SDR 82 TDI (001a4c0000000000000001) ;
SDR 82 TDI (001a500000000000000003) ;
RUNTEST 20000 TCK;
SDR 82 TDI (001a810200010101000000) TDO (0000000000000000000001) MASK (0000000000000000000003) ;
SDR 82 TDI (001a810200010101000001) ;
SDR 82 TDI (001a870300020302000001) ;
SDR 82 TDI (001a8b0100010302000001) ;
SDR 82 TDI (001a8c0000000000000001) ;
SDR 82 TDI (001a910100020101000301) ;
SDR 82 TDI (001aa00000000000000001) ;
SDR 82 TDI (001aa40000000000000001) ;
SDR 82 TDI (001aa80000000000000001) ;
SDR 82 TDI (001aac0000000000000001) ;
SDR 82 TDI (001ab00000000000000001) ;
SDR 82 TDI (001ac00000000000000001) ;
SDR 82 TDI (001ac40008000000000001) ;
SDR 82 TDI (001ac80000000000000001) ;
SDR 82 TDI (001acc0000000000000001) ;
SDR 82 TDI (001ad00000000000000003) ;
RUNTEST 20000 TCK;
SDR 82 TDI (001b010001000303000000) TDO (0000000000000000000001) MASK (0000000000000000000003) ;
SDR 82 TDI (001b010001000303000001) ;
SDR 82 TDI (001b040100010000000001) ;
SDR 82 TDI (001b080100010210000001) ;
SDR 82 TDI (001b0c0000000000000001) ;
SDR 82 TDI (001b100100000203000101) ;
SDR 82 TDI (001b201000000000000001) ;
SDR 82 TDI (001b240000000000000001) ;
SDR 82 TDI (001b280000000000000001) ;
SDR 82 TDI (001b2c0000000000000001) ;
SDR 82 TDI (001b300000000000000001) ;
SDR 82 TDI (001b400000000000000001) ;
SDR 82 TDI (001b440000800000000001) ;
SDR 82 TDI (001b480000000000000001) ;
SDR 82 TDI (001b4c0000000000000001) ;
SDR 82 TDI (001b500000800000000003) ;
RUNTEST 20000 TCK;
SDR 82 TDI (001b820000010003000000) TDO (0000000000000000000001) MASK (0000000000000000000003) ;
SDR 82 TDI (001b820000010003000001) ;
SDR 82 TDI (001b860003000002000001) ;
SDR 82 TDI (001b8a0003010002000001) ;
SDR 82 TDI (001b8c0000000000000001) ;
SDR 82 TDI (001b920103000003000001) ;
SDR 82 TDI (001ba00000000000000021) ;
SDR 82 TDI (001ba40000000000000081) ;
SDR 82 TDI (001ba80000000000000081) ;
SDR 82 TDI (001bac0000000000000001) ;
SDR 82 TDI (001bb00000000000000001) ;
SDR 82 TDI (001bc00000000000008001) ;
SDR 82 TDI (001bc40000000000000061) ;
SDR 82 TDI (001bc80000000000000001) ;
SDR 82 TDI (001bcc0000000000000001) ;
SDR 82 TDI (001bd00000000000000003) ;
RUNTEST 20000 TCK;
SDR 82 TDI (001c014200034101000000) TDO (0000000000000000000001) MASK (0000000000000000000003) ;
SDR 82 TDI (001c014200034101000001) ;
SDR 82 TDI (001c040202004100200101) ;
SDR 82 TDI (001c0b0102035000000001) ;
SDR 82 TDI (001c0c0000205602000001) ;
SDR 82 TDI (001c13020303d501000101) ;
SDR 82 TDI (001c201000880000800001) ;
SDR 82 TDI (001c240000001000000001) ;
SDR 82 TDI (001c280000205000000001) ;
SDR 82 TDI (001c2c0000b05000000001) ;
SDR 82 TDI (001c300000205000000001) ;
SDR 82 TDI (001c400800200000000001) ;
SDR 82 TDI (001c440000000800000001) ;
SDR 82 TDI (001c480000304000000001) ;
SDR 82 TDI (001c4c0000304000000001) ;
SDR 82 TDI (001c500000104000000003) ;
RUNTEST 20000 TCK;
SDR 82 TDI (001c800100051003000000) TDO (0000000000000000000001) MASK (0000000000000000000003) ;
SDR 82 TDI (001c800100051003000001) ;
SDR 82 TDI (001c840001001000000041) ;
SDR 82 TDI (001c880101010002010001) ;
SDR 82 TDI (001c8c0000000000000001) ;
SDR 82 TDI (001c900003000901010001) ;
SDR 82 TDI (001ca00000001400000001) ;
SDR 82 TDI (001ca40000000400000001) ;
SDR 82 TDI (001ca80000000000000001) ;
SDR 82 TDI (001cac0000000000000001) ;
SDR 82 TDI (001cb00000802000000001) ;
SDR 82 TDI (001cc00000800808000001) ;
SDR 82 TDI (001cc40000800008000001) ;
SDR 82 TDI (001cc80000800008000001) ;
SDR 82 TDI (001ccc0000000000000001) ;
SDR 82 TDI (001cd00000000000000003) ;
RUNTEST 20000 TCK;
SDR 82 TDI (001d000200000102000100) TDO (0000000000000000000001) MASK (0000000000000000000003) ;
SDR 82 TDI (001d000200000102000101) ;
SDR 82 TDI (001d040000200000000001) ;
SDR 82 TDI (001d080200000002000101) ;
SDR 82 TDI (001d0c0100010000000001) ;
SDR 82 TDI (001d110200000102000101) ;
SDR 82 TDI (001d200000000000000001) ;
SDR 82 TDI (001d240000000000000001) ;
SDR 82 TDI (001d280000000000000001) ;
SDR 82 TDI (001d2c0000000000000001) ;
SDR 82 TDI (001d300000000000000001) ;
SDR 82 TDI (001d400800040000000001) ;
SDR 82 TDI (001d440000000000000001) ;
SDR 82 TDI (001d480000000000000001) ;
SDR 82 TDI (001d4c0000000000000001) ;
SDR 82 TDI (001d500000000000000003) ;
RUNTEST 20000 TCK;
SDR 82 TDI (001d800100030101000200) TDO (0000000000000000000001) MASK (0000000000000000000003) ;
SDR 82 TDI (001d800100030101000201) ;
SDR 82 TDI (001d840001000300000301) ;
SDR 82 TDI (001d890101030200000001) ;
SDR 82 TDI (001d8e0000000000000001) ;
SDR 82 TDI (001d910001020101000301) ;
SDR 82 TDI (001da00000000000000001) ;
SDR 82 TDI (001da40000000000000001) ;
SDR 82 TDI (001da80000000000000001) ;
SDR 82 TDI (001dac0000000000000001) ;
SDR 82 TDI (001db00000000000000001) ;
SDR 82 TDI (001dc00000000000000001) ;
SDR 82 TDI (001dc40000000000000001) ;
SDR 82 TDI (001dc80000000000000001) ;
SDR 82 TDI (001dcc0000000000000001) ;
SDR 82 TDI (001dd00000000000000003) ;
RUNTEST 20000 TCK;
SDR 82 TDI (001e010100002a01000004) TDO (0000000000000000000001) MASK (0000000000000000000003) ;
SDR 82 TDI (001e010100002a01000005) ;
SDR 82 TDI (001e054900000c80000001) ;
SDR 82 TDI (001e098802012e00000001) ;
SDR 82 TDI (001e0c0000002880000001) ;
SDR 82 TDI (001e110002012b01000001) ;
SDR 82 TDI (001e208400000080800001) ;
SDR 82 TDI (001e24100000a000000001) ;
SDR 82 TDI (001e28100000a400000001) ;
SDR 82 TDI (001e2c0400002400000001) ;
SDR 82 TDI (001e300000002004000001) ;
SDR 82 TDI (001e408000000400000001) ;
SDR 82 TDI (001e441000008000000001) ;
SDR 82 TDI (001e481000009400000001) ;
SDR 82 TDI (001e4c40000094c0000081) ;
SDR 82 TDI (001e500000009400000003) ;
RUNTEST 20000 TCK;
SDR 82 TDI (001e814000021201000000) TDO (0000000000000000000001) MASK (0000000000000000000003) ;
SDR 82 TDI (001e814000021201000001) ;
SDR 82 TDI (001e850002009000210041) ;
SDR 82 TDI (001e890003020204020001) ;
SDR 82 TDI (001e8c1400009004000001) ;
SDR 82 TDI (001e911003029305020101) ;
SDR 82 TDI (001ea02000000024000001) ;
SDR 82 TDI (001ea4a000000024000001) ;
SDR 82 TDI (001ea88400001084100001) ;
SDR 82 TDI (001eacd000000084000001) ;
SDR 82 TDI (001eb08000001000000001) ;
SDR 82 TDI (001ec04400000000000001) ;
SDR 82 TDI (001ec40010000000000001) ;
SDR 82 TDI (001ec84000000088000001) ;
SDR 82 TDI (001ecc1000000000000001) ;
SDR 82 TDI (001ed07800004000100003) ;
RUNTEST 20000 TCK;
SDR 82 TDI (001f000002020103000000) TDO (0000000000000000000001) MASK (0000000000000000000003) ;
SDR 82 TDI (001f000002020103000001) ;
SDR 82 TDI (001f070201020200000001) ;
SDR 82 TDI (001f0a0303000300010001) ;
SDR 82 TDI (001f0c0000000000000101) ;
SDR 82 TDI (001f110103010103010201) ;
SDR 82 TDI (001f200000000000000001) ;
SDR 82 TDI (001f240000000000000001) ;
SDR 82 TDI (001f280000000000000001) ;
SDR 82 TDI (001f2c0000000000000001) ;
SDR 82 TDI (001f300000000000000001) ;
SDR 82 TDI (001f400000000000000001) ;
SDR 82 TDI (001f440000000000000001) ;
SDR 82 TDI (001f480000000000000001) ;
SDR 82 TDI (001f4c0000000000000001) ;
SDR 82 TDI (001f500000000000000003) ;
RUNTEST 20000 TCK;
SDR 82 TDI (001f810202000100000000) TDO (0000000000000000000001) MASK (0000000000000000000003) ;
SDR 82 TDI (001f810202000100000001) ;
SDR 82 TDI (001f850202010001200101) ;
SDR 82 TDI (001f890100010001000101) ;
SDR 82 TDI (001f8c0000000000000001) ;
SDR 82 TDI (001f910303010101000101) ;
SDR 82 TDI (001fa00000000000000001) ;
SDR 82 TDI (001fa40000000000100001) ;
SDR 82 TDI (001fa80000000000100001) ;
SDR 82 TDI (001fac0000000010000001) ;
SDR 82 TDI (001fb00000000010000001) ;
SDR 82 TDI (001fc00000000000100001) ;
SDR 82 TDI (001fc40000000000100001) ;
SDR 82 TDI (001fc80000000000100001) ;
SDR 82 TDI (001fcc0000000000000001) ;
SDR 82 TDI (001fd00000000000100003) ;
RUNTEST 20000 TCK;
SDR 82 TDI (0020014000010000000100) TDO (0000000000000000000001) MASK (0000000000000000000003) ;
SDR 82 TDI (0020014000010000000101) ;
SDR 82 TDI (0020040000950001200001) ;
SDR 82 TDI (0020090100100001000001) ;
SDR 82 TDI (00200c0000000000000001) ;
SDR 82 TDI (0020130100000100000101) ;
SDR 82 TDI (0020200000040000000001) ;
SDR 82 TDI (0020240000000000100001) ;
SDR 82 TDI (0020280000000000000001) ;
SDR 82 TDI (00202c0000000000000001) ;
SDR 82 TDI (0020300000800000000001) ;
SDR 82 TDI (0020400000000000100001) ;
SDR 82 TDI (0020442000000000100001) ;
SDR 82 TDI (0020482000000000100001) ;
SDR 82 TDI (00204c2000000000000001) ;
SDR 82 TDI (0020502000000000100003) ;
RUNTEST 20000 TCK;
SDR 82 TDI (0020800200900301000000) TDO (0000000000000000000001) MASK (0000000000000000000003) ;
SDR 82 TDI (0020800200900301000001) ;
SDR 82 TDI (0020850000420100000001) ;
SDR 82 TDI (0020880301400000000001) ;
SDR 82 TDI (00208c0000c00000000001) ;
SDR 82 TDI (0020900303000301000101) ;
SDR 82 TDI (0020a00000000000000001) ;
SDR 82 TDI (0020a40000000000000001) ;
SDR 82 TDI (0020a80000040000000001) ;
SDR 82 TDI (0020ac0000000000000001) ;
SDR 82 TDI (0020b00000000000000001) ;
SDR 82 TDI (0020c00000080000000001) ;
SDR 82 TDI (0020c40000080000000001) ;
SDR 82 TDI (0020c80000000000000001) ;
SDR 82 TDI (0020cc0000000000000001) ;
SDR 82 TDI (0020d00000000000000003) ;
RUNTEST 20000 TCK;
SDR 82 TDI (0021010000080200000000) TDO (0000000000000000000001) MASK (0000000000000000000003) ;
SDR 82 TDI (0021010000080200000001) ;
SDR 82 TDI (0021050003000208000201) ;
SDR 82 TDI (0021090101030244000001) ;
SDR 82 TDI (00210c0000200000000001) ;
SDR 82 TDI (0021110102000320000201) ;
SDR 82 TDI (0021200000000014800001) ;
SDR 82 TDI (0021240000800800000001) ;
SDR 82 TDI (0021280000000004000001) ;
SDR 82 TDI (00212c2000900010000001) ;
SDR 82 TDI (0021302000000800000001) ;
SDR 82 TDI (0021400000200008000001) ;
SDR 82 TDI (002144000000002c000001) ;
SDR 82 TDI (0021480000000018000001) ;
SDR 82 TDI (00214c0000000020000001) ;
SDR 82 TDI (0021500000000000000003) ;
RUNTEST 20000 TCK;
SDR 82 TDI (0021820280000200010000) TDO (0000000000000000000001) MASK (0000000000000000000003) ;
SDR 82 TDI (0021820280000200010001) ;
SDR 82 TDI (0021850083010100010001) ;
SDR 82 TDI (0021880283000281000001) ;
SDR 82 TDI (00218c0080000030000001) ;
SDR 82 TDI (0021930103000341010201) ;
SDR 82 TDI (0021a00000000800000001) ;
SDR 82 TDI (0021a40000000000000001) ;
SDR 82 TDI (0021a80000000000000001) ;
SDR 82 TDI (0021ac0000000020000001) ;
SDR 82 TDI (0021b00000000080000001) ;
SDR 82 TDI (0021c00000000020000001) ;
SDR 82 TDI (0021c40000000000000001) ;
SDR 82 TDI (0021c80000000000000001) ;
SDR 82 TDI (0021cc2000000000100001) ;
SDR 82 TDI (0021d000000000c0000003) ;
RUNTEST 20000 TCK;
SDR 82 TDI (0022030200030302000100) TDO (0000000000000000000001) MASK (0000000000000000000003) ;
SDR 82 TDI (0022030200030302000101) ;
SDR 82 TDI (0022040000020100000101) ;
SDR 82 TDI (0022090000030102000101) ;
SDR 82 TDI (00220c0000000000000001) ;
SDR 82 TDI (0022110000030100000201) ;
SDR 82 TDI (0022200000000000000001) ;
SDR 82 TDI (0022240000000000000001) ;
SDR 82 TDI (0022280000200000000001) ;
SDR 82 TDI (00222c0000000000000001) ;
SDR 82 TDI (0022300000000000000001) ;
SDR 82 TDI (0022400000000000000001) ;
SDR 82 TDI (0022440000000000000001) ;
SDR 82 TDI (0022480000100000000001) ;
SDR 82 TDI (00224c0000000000000001) ;
SDR 82 TDI (0022500000000000000003) ;
RUNTEST 20000 TCK;
SDR 82 TDI (0022800200000000000200) TDO (0000000000000000000001) MASK (0000000000000000000003) ;
SDR 82 TDI (0022800200000000000201) ;
SDR 82 TDI (0022850300020102200001) ;
SDR 82 TDI (0022880002000000000201) ;
SDR 82 TDI (00228c0000000000000001) ;
SDR 82 TDI (0022900202020102000201) ;
SDR 82 TDI (0022a00000000000000001) ;
SDR 82 TDI (0022a40000000000000001) ;
SDR 82 TDI (0022a80000000000000001) ;
SDR 82 TDI (0022ac0000000000000001) ;
SDR 82 TDI (0022b00000000000000001) ;
SDR 82 TDI (0022c00000000000000001) ;
SDR 82 TDI (0022c40000000000000001) ;
SDR 82 TDI (0022c80000000000000001) ;
SDR 82 TDI (0022cc0000000000000001) ;
SDR 82 TDI (0022d00000000000000003) ;
RUNTEST 20000 TCK;
SDR 82 TDI (0023000000000000000100) TDO (0000000000000000000001) MASK (0000000000000000000003) ;
SDR 82 TDI (0023000000000000000101) ;
SDR 82 TDI (0023040200020202000001) ;
SDR 82 TDI (0023080202020202000001) ;
SDR 82 TDI (00230c0000000000000001) ;
SDR 82 TDI (0023100002000000000001) ;
SDR 82 TDI (0023200000000000000001) ;
SDR 82 TDI (0023240000000000000001) ;
SDR 82 TDI (0023280000000000000001) ;
SDR 82 TDI (00232c0000000000000001) ;
SDR 82 TDI (0023300000000000000001) ;
SDR 82 TDI (0023400000000000000001) ;
SDR 82 TDI (0023440000000000000001) ;
SDR 82 TDI (0023480000000000000001) ;
SDR 82 TDI (00234c0000000000000001) ;
SDR 82 TDI (0023500000000000000003) ;
RUNTEST 20000 TCK;
SDR 82 TDI (0023810202010001000000) TDO (0000000000000000000001) MASK (0000000000000000000003) ;
SDR 82 TDI (0023810202010001000001) ;
SDR 82 TDI (0023840202000200020201) ;
SDR 82 TDI (0023890000010001020201) ;
SDR 82 TDI (00238c0000000000000001) ;
SDR 82 TDI (0023900202000000000001) ;
SDR 82 TDI (0023a00000000000000001) ;
SDR 82 TDI (0023a40000000000000001) ;
SDR 82 TDI (0023a80000000000000001) ;
SDR 82 TDI (0023ac0000000000000001) ;
SDR 82 TDI (0023b00000000000000001) ;
SDR 82 TDI (0023c00020000000000001) ;
SDR 82 TDI (0023c40020000000100001) ;
SDR 82 TDI (0023c80000000000000001) ;
SDR 82 TDI (0023cc0000000000000001) ;
SDR 82 TDI (0023d00000000000000003) ;
RUNTEST 20000 TCK;
SDR 82 TDI (0024020200020082000080) TDO (0000000000000000000001) MASK (0000000000000000000003) ;
SDR 82 TDI (0024020200020082000081) ;
SDR 82 TDI (0024040a02000208000001) ;
SDR 82 TDI (00240a000203024a000081) ;
SDR 82 TDI (00240c1000000040000001) ;
SDR 82 TDI (0024100202020282000201) ;
SDR 82 TDI (0024202000000000000001) ;
SDR 82 TDI (0024241800000080000001) ;
SDR 82 TDI (0024288000000004000001) ;
SDR 82 TDI (00242c2000000014000001) ;
SDR 82 TDI (0024300000000010000001) ;
SDR 82 TDI (0024404000000080000001) ;
SDR 82 TDI (0024441000000080000001) ;
SDR 82 TDI (0024480000000040000001) ;
SDR 82 TDI (00244c1000000000000001) ;
SDR 82 TDI (0024500800000000000003) ;
RUNTEST 20000 TCK;
SDR 82 TDI (0024820a00000242020000) TDO (0000000000000000000001) MASK (0000000000000000000003) ;
SDR 82 TDI (0024820a00000242020001) ;
SDR 82 TDI (0024850301030220020081) ;
SDR 82 TDI (00248b0102010204000001) ;
SDR 82 TDI (00248c0000000000000001) ;
SDR 82 TDI (002490c602020202020001) ;
SDR 82 TDI (0024a00000000024000009) ;
SDR 82 TDI (0024a40000000024000001) ;
SDR 82 TDI (0024a82000000800000001) ;
SDR 82 TDI (0024ac0000000000000001) ;
SDR 82 TDI (0024b04400000000000001) ;
SDR 82 TDI (0024c02000000008000001) ;
SDR 82 TDI (0024c40000000020000001) ;
SDR 82 TDI (0024c800000000b0000001) ;
SDR 82 TDI (0024cc0000000010000001) ;
SDR 82 TDI (0024d08000000000000003) ;
RUNTEST 20000 TCK;
SDR 82 TDI (0025030300090200000200) TDO (0000000000000000000001) MASK (0000000000000000000003) ;
SDR 82 TDI (0025030300090200000201) ;
SDR 82 TDI (0025070200090001010201) ;
SDR 82 TDI (00250a0100000201010001) ;
SDR 82 TDI (00250c0002000080000001) ;
SDR 82 TDI (0025130200030280010201) ;
SDR 82 TDI (0025200000000000000001) ;
SDR 82 TDI (0025240000000000000001) ;
SDR 82 TDI (0025280000000000000001) ;
SDR 82 TDI (00252c0000000080000001) ;
SDR 82 TDI (0025300000000000000001) ;
SDR 82 TDI (0025400000000000000001) ;
SDR 82 TDI (0025440000000000000001) ;
SDR 82 TDI (0025480000000040000001) ;
SDR 82 TDI (00254c0000000040000001) ;
SDR 82 TDI (0025500000000040000003) ;
RUNTEST 20000 TCK;
SDR 82 TDI (0025800200000294000000) TDO (0000000000000000000001) MASK (0000000000000000000003) ;
SDR 82 TDI (0025800200000294000001) ;
SDR 82 TDI (0025840200000080000201) ;
SDR 82 TDI (0025880200020280000201) ;
SDR 82 TDI (00258c0000000004000001) ;
SDR 82 TDI (0025900202000200000001) ;
SDR 82 TDI (0025a00000000080000001) ;
SDR 82 TDI (0025a40000000080000001) ;
SDR 82 TDI (0025a80000000080000001) ;
SDR 82 TDI (0025ac0000000000000001) ;
SDR 82 TDI (0025b00000000000000001) ;
SDR 82 TDI (0025c00000000080000001) ;
SDR 82 TDI (0025c40000000000000001) ;
SDR 82 TDI (0025c80000000000000001) ;
SDR 82 TDI (0025cc0000000080000001) ;
SDR 82 TDI (0025d00000000080000003) ;
RUNTEST 20000 TCK;
SDR 82 TDI (0026020000000042000000) TDO (0000000000000000000001) MASK (0000000000000000000003) ;
SDR 82 TDI (0026020000000042000001) ;
SDR 82 TDI (0026040200940060020001) ;
SDR 82 TDI (00260a0300120062020001) ;
SDR 82 TDI (00260c0000400060000001) ;
SDR 82 TDI (0026100200000060020201) ;
SDR 82 TDI (0026200000040800000001) ;
SDR 82 TDI (0026240000000800000001) ;
SDR 82 TDI (0026280000000040000001) ;
SDR 82 TDI (00262c0000000050000001) ;
SDR 82 TDI (0026300000800050000001) ;
SDR 82 TDI (0026400000000034000001) ;
SDR 82 TDI (0026440000000030000001) ;
SDR 82 TDI (0026480000000030000001) ;
SDR 82 TDI (00264c0000000030000001) ;
SDR 82 TDI (0026500000000030000003) ;
RUNTEST 20000 TCK;
SDR 82 TDI (0026800000800028000000) TDO (0000000000000000000001) MASK (0000000000000000000003) ;
SDR 82 TDI (0026800000800028000001) ;
SDR 82 TDI (0026840000400000000001) ;
SDR 82 TDI (0026880000400000000001) ;
SDR 82 TDI (00268c0000000000000001) ;
SDR 82 TDI (0026900000000000000001) ;
SDR 82 TDI (0026a00000000050000001) ;
SDR 82 TDI (0026a40000000040000001) ;
SDR 82 TDI (0026a80000040030000001) ;
SDR 82 TDI (0026ac0000000000000001) ;
SDR 82 TDI (0026b00000000820000001) ;
SDR 82 TDI (0026c00000080040001001) ;
SDR 82 TDI (0026c40000080040000001) ;
SDR 82 TDI (0026c80000000000000001) ;
SDR 82 TDI (0026cc0000000000000001) ;
SDR 82 TDI (0026d00000000000000003) ;
RUNTEST 20000 TCK;
SDR 82 TDI (0027014101010105010100) TDO (0000000000000000000001) MASK (0000000000000000000003) ;
SDR 82 TDI (0027014101010105010101) ;
SDR 82 TDI (002705010109010d000001) ;
SDR 82 TDI (0027080400000048000001) ;
SDR 82 TDI (00270cc0000000c0000001) ;
SDR 82 TDI (0027100000000080000001) ;
SDR 82 TDI (0027208000000084000001) ;
SDR 82 TDI (0027250901250185010101) ;
SDR 82 TDI (0027284000000000000001) ;
SDR 82 TDI (00272c0000000010000001) ;
SDR 82 TDI (0027300000000010000001) ;
SDR 82 TDI (0027400000000000000001) ;
SDR 82 TDI (0027440000300000000001) ;
SDR 82 TDI (0027488000000000000001) ;
SDR 82 TDI (00274c8000000000000001) ;
SDR 82 TDI (0027500000000000000003) ;
RUNTEST 20000 TCK;
SDR 82 TDI (0027800000000000700000) TDO (0000000000000000000001) MASK (0000000000000000000003) ;
SDR 82 TDI (0027800000000000700001) ;
SDR 82 TDI (0027840800000040000001) ;
SDR 82 TDI (0027880800000020000001) ;
SDR 82 TDI (00278c1000000000000001) ;
SDR 82 TDI (0027901000000020000001) ;
SDR 82 TDI (0027a02080000020340001) ;
SDR 82 TDI (0027a4b000000020000021) ;
SDR 82 TDI (0027a89000000084000001) ;
SDR 82 TDI (0027ac9000000084000001) ;
SDR 82 TDI (0027b00000000000000001) ;
SDR 82 TDI (0027c04000000000280001) ;
SDR 82 TDI (0027c41000004008000001) ;
SDR 82 TDI (0027c85000000008000001) ;
SDR 82 TDI (0027cc1000000020000001) ;
SDR 82 TDI (0027d03800000030000003) ;
RUNTEST 20000 TCK;
SDR 82 TDI (0028000000000000000000) TDO (0000000000000000000001) MASK (0000000000000000000003) ;
SDR 82 TDI (0028000000000000000001) ;
SDR 82 TDI (0028040000000000000001) ;
SDR 82 TDI (0028080000000000000001) ;
SDR 82 TDI (00280c0000000000000001) ;
SDR 82 TDI (0028100000000000000001) ;
SDR 82 TDI (0028200000000000000001) ;
SDR 82 TDI (0028240000000000000001) ;
SDR 82 TDI (0028280000000000000001) ;
SDR 82 TDI (00282c0000000000000001) ;
SDR 82 TDI (0028300000000000000001) ;
SDR 82 TDI (0028400080000000000001) ;
SDR 82 TDI (0028440000000000000001) ;
SDR 82 TDI (0028480000000000000001) ;
SDR 82 TDI (00284c0000000000000001) ;
SDR 82 TDI (0028500000000000000003) ;
RUNTEST 20000 TCK;
SDR 82 TDI (0028800000000000000000) TDO (0000000000000000000001) MASK (0000000000000000000003) ;
SDR 82 TDI (0028800000000000000001) ;
SDR 82 TDI (0028840000000000000001) ;
SDR 82 TDI (0028880000000000000001) ;
SDR 82 TDI (00288c0000000000000001) ;
SDR 82 TDI (0028900000000000000001) ;
SDR 82 TDI (0028a00000000000000001) ;
SDR 82 TDI (0028a40000000000000001) ;
SDR 82 TDI (0028a80000040000000001) ;
SDR 82 TDI (0028ac0000000000000001) ;
SDR 82 TDI (0028b00000000000000001) ;
SDR 82 TDI (0028c00000000000000001) ;
SDR 82 TDI (0028c40000000000000001) ;
SDR 82 TDI (0028c80000000000000001) ;
SDR 82 TDI (0028cc0000000000000001) ;
SDR 82 TDI (0028d00000000000000003) ;
RUNTEST 20000 TCK;
SDR 82 TDI (0029000000000000000000) TDO (0000000000000000000001) MASK (0000000000000000000003) ;
SDR 82 TDI (0029000000000000000001) ;
SDR 82 TDI (0029040000000000000001) ;
SDR 82 TDI (0029080000000000000001) ;
SDR 82 TDI (00290c0000000000000001) ;
SDR 82 TDI (0029100000000000000001) ;
SDR 82 TDI (0029200000000000000001) ;
SDR 82 TDI (0029240000000000000001) ;
SDR 82 TDI (0029280000000000000001) ;
SDR 82 TDI (00292c0000000000000001) ;
SDR 82 TDI (0029300000000000000001) ;
SDR 82 TDI (0029400000000000000001) ;
SDR 82 TDI (0029444000000000000001) ;
SDR 82 TDI (0029480000000000000001) ;
SDR 82 TDI (00294c0000000000000001) ;
SDR 82 TDI (0029500000000000000003) ;
RUNTEST 20000 TCK;
SDR 82 TDI (0029800000000000000000) TDO (0000000000000000000001) MASK (0000000000000000000003) ;
SDR 82 TDI (0029800000000000000001) ;
SDR 82 TDI (0029840000000000000001) ;
SDR 82 TDI (0029880000000000000001) ;
SDR 82 TDI (00298c0000000000000001) ;
SDR 82 TDI (0029900000000000000001) ;
SDR 82 TDI (0029a00000000000000001) ;
SDR 82 TDI (0029a40000000000000001) ;
SDR 82 TDI (0029a80000000000000001) ;
SDR 82 TDI (0029ac0000000000000001) ;
SDR 82 TDI (0029b00000000000000001) ;
SDR 82 TDI (0029c00000000000000001) ;
SDR 82 TDI (0029c40000000000000001) ;
SDR 82 TDI (0029c80000000000000001) ;
SDR 82 TDI (0029cc0000000000000001) ;
SDR 82 TDI (0029d00000000000000003) ;
RUNTEST 20000 TCK;
SDR 82 TDI (002a000000000000000000) TDO (0000000000000000000001) MASK (0000000000000000000003) ;
SDR 82 TDI (002a000000000000000001) ;
SDR 82 TDI (002a040000000000000001) ;
SDR 82 TDI (002a080000000000000001) ;
SDR 82 TDI (002a0c0000000000000001) ;
SDR 82 TDI (002a100000000000000001) ;
SDR 82 TDI (002a20002c000000000001) ;
SDR 82 TDI (002a240010400000000001) ;
SDR 82 TDI (002a280000000000000001) ;
SDR 82 TDI (002a2c0000000040000001) ;
SDR 82 TDI (002a300000000000000001) ;
SDR 82 TDI (002a400010000000000001) ;
SDR 82 TDI (002a440008000000000001) ;
SDR 82 TDI (002a480000000000000001) ;
SDR 82 TDI (002a4c0000000000000001) ;
SDR 82 TDI (002a500000000000000003) ;
RUNTEST 20000 TCK;
SDR 82 TDI (002a800000000000000000) TDO (0000000000000000000001) MASK (0000000000000000000003) ;
SDR 82 TDI (002a800000000000000001) ;
SDR 82 TDI (002a840000000000000001) ;
SDR 82 TDI (002a880000000000000001) ;
SDR 82 TDI (002a8c0000000000000001) ;
SDR 82 TDI (002a900000000020000001) ;
SDR 82 TDI (002aa00010000000000001) ;
SDR 82 TDI (002aa4002c000000000001) ;
SDR 82 TDI (002aa80000000000000001) ;
SDR 82 TDI (002aac0000000000000001) ;
SDR 82 TDI (002ab00000000000000001) ;
SDR 82 TDI (002ac00008000000000001) ;
SDR 82 TDI (002ac40010001020000001) ;
SDR 82 TDI (002ac80000000030000001) ;
SDR 82 TDI (002acc0000000030000001) ;
SDR 82 TDI (002ad00000000030000003) ;
RUNTEST 20000 TCK;
SDR 82 TDI (002b000000000000000000) TDO (0000000000000000000001) MASK (0000000000000000000003) ;
SDR 82 TDI (002b000000000000000001) ;
SDR 82 TDI (002b040000000000000001) ;
SDR 82 TDI (002b080000000010000001) ;
SDR 82 TDI (002b0c0000004000000001) ;
SDR 82 TDI (002b100000004000000001) ;
SDR 82 TDI (002b200000000000000001) ;
SDR 82 TDI (002b240000000000000001) ;
SDR 82 TDI (002b280000000000000001) ;
SDR 82 TDI (002b2c0000004000000001) ;
SDR 82 TDI (002b300000004000000001) ;
SDR 82 TDI (002b400000000000000001) ;
SDR 82 TDI (002b440000000000000001) ;
SDR 82 TDI (002b480000000000000001) ;
SDR 82 TDI (002b4c0000000000000001) ;
SDR 82 TDI (002b500000000000000003) ;
RUNTEST 20000 TCK;
SDR 82 TDI (002b800000004000000000) TDO (0000000000000000000001) MASK (0000000000000000000003) ;
SDR 82 TDI (002b800000004000000001) ;
SDR 82 TDI (002b840000004000000001) ;
SDR 82 TDI (002b880000004000000001) ;
SDR 82 TDI (002b8c0000000000000001) ;
SDR 82 TDI (002b900000000000000001) ;
SDR 82 TDI (002ba00000400000000001) ;
SDR 82 TDI (002ba40000000000000001) ;
SDR 82 TDI (002ba80000004000000001) ;
SDR 82 TDI (002bac0000000000000041) ;
SDR 82 TDI (002bb00000000000000001) ;
SDR 82 TDI (002bc00000000000000001) ;
SDR 82 TDI (002bc40000000000000001) ;
SDR 82 TDI (002bc80000000000000001) ;
SDR 82 TDI (002bcc0000040000000001) ;
SDR 82 TDI (002bd00000000000000003) ;
RUNTEST 20000 TCK;
SDR 82 TDI (002c000000000000000000) TDO (0000000000000000000001) MASK (0000000000000000000003) ;
SDR 82 TDI (002c000000000000000001) ;
SDR 82 TDI (002c040000040000000001) ;
SDR 82 TDI (002c082000000000000081) ;
SDR 82 TDI (002c0c0000000000000001) ;
SDR 82 TDI (002c100000000000000001) ;
SDR 82 TDI (002c200000040000000001) ;
SDR 82 TDI (002c240000000000000001) ;
SDR 82 TDI (002c280000000000000001) ;
SDR 82 TDI (002c2c0000000000000001) ;
SDR 82 TDI (002c300000800000000001) ;
SDR 82 TDI (002c400000000000000001) ;
SDR 82 TDI (002c440800000000000001) ;
SDR 82 TDI (002c480000000000000001) ;
SDR 82 TDI (002c4c0000000000000001) ;
SDR 82 TDI (002c500000000000000003) ;
RUNTEST 20000 TCK;
SDR 82 TDI (002c800000000000000080) TDO (0000000000000000000001) MASK (0000000000000000000003) ;
SDR 82 TDI (002c800000000000000081) ;
SDR 82 TDI (002c840000000000000081) ;
SDR 82 TDI (002c884000000000000001) ;
SDR 82 TDI (002c8c6000000000000001) ;
SDR 82 TDI (002c906000000000000001) ;
SDR 82 TDI (002ca00408000020000001) ;
SDR 82 TDI (002ca40400000020000001) ;
SDR 82 TDI (002ca80400040000000001) ;
SDR 82 TDI (002cac0400000000000001) ;
SDR 82 TDI (002cb08400000000000001) ;
SDR 82 TDI (002cc01000000000000001) ;
SDR 82 TDI (002cc48000000000000001) ;
SDR 82 TDI (002cc88800000000000001) ;
SDR 82 TDI (002cccc800000000000001) ;
SDR 82 TDI (002cd0c000000000000003) ;
RUNTEST 20000 TCK;
SDR 82 TDI (002d000000000000000000) TDO (0000000000000000000001) MASK (0000000000000000000003) ;
SDR 82 TDI (002d000000000000000001) ;
SDR 82 TDI (002d040000000000000001) ;
SDR 82 TDI (002d080000000000000001) ;
SDR 82 TDI (002d0c0000000004000001) ;
SDR 82 TDI (002d100000000004000001) ;
SDR 82 TDI (002d200000000000000001) ;
SDR 82 TDI (002d248000000000000001) ;
SDR 82 TDI (002d280000000080000081) ;
SDR 82 TDI (002d2c0000000080000001) ;
SDR 82 TDI (002d308000000000000001) ;
SDR 82 TDI (002d400000000000000001) ;
SDR 82 TDI (002d440000000000000021) ;
SDR 82 TDI (002d480000000000000001) ;
SDR 82 TDI (002d4c0000000000000001) ;
SDR 82 TDI (002d504000000000000003) ;
RUNTEST 20000 TCK;
SDR 82 TDI (002d800000000000000000) TDO (0000000000000000000001) MASK (0000000000000000000003) ;
SDR 82 TDI (002d800000000000000001) ;
SDR 82 TDI (002d840000000000200001) ;
SDR 82 TDI (002d880000000000000001) ;
SDR 82 TDI (002d8c1000000000000001) ;
SDR 82 TDI (002d901000000000000001) ;
SDR 82 TDI (002da020000004000000a1) ;
SDR 82 TDI (002da42000000000000021) ;
SDR 82 TDI (002da88000000000000001) ;
SDR 82 TDI (002dac8000000000000001) ;
SDR 82 TDI (002db00000000000000001) ;
SDR 82 TDI (002dc04008000000000001) ;
SDR 82 TDI (002dc40000000000000041) ;
SDR 82 TDI (002dc84000000000000001) ;
SDR 82 TDI (002dcc0000000000000001) ;
SDR 82 TDI (002dd00000000000000003) ;
RUNTEST 20000 TCK;
SDR 82 TDI (002e000000049400000020) TDO (0000000000000000000001) MASK (0000000000000000000003) ;
SDR 82 TDI (002e000000049400000021) ;
SDR 82 TDI (002e0400000c9400200021) ;
SDR 82 TDI (002e080000009400000001) ;
SDR 82 TDI (002e0c0000009400000001) ;
SDR 82 TDI (002e100040009400000001) ;
SDR 82 TDI (002e200000009000000001) ;
SDR 82 TDI (002e240000089000000001) ;
SDR 82 TDI (002e280040809000000001) ;
SDR 82 TDI (002e2c0040001000000001) ;
SDR 82 TDI (002e300040801000000001) ;
SDR 82 TDI (002e400000800800000001) ;
SDR 82 TDI (002e440000808800000001) ;
SDR 82 TDI (002e48000080c000000001) ;
SDR 82 TDI (002e4c000080c000000001) ;
SDR 82 TDI (002e50000080c000000003) ;
RUNTEST 20000 TCK;
SDR 82 TDI (002e800000000000000000) TDO (0000000000000000000001) MASK (0000000000000000000003) ;
SDR 82 TDI (002e800000000000000001) ;
SDR 82 TDI (002e840000000000000001) ;
SDR 82 TDI (002e880000002000000001) ;
SDR 82 TDI (002e8c0000000000000001) ;
SDR 82 TDI (002e900000000000000001) ;
SDR 82 TDI (002ea00040000000000011) ;
SDR 82 TDI (002ea40000800000000001) ;
SDR 82 TDI (002ea80000000000000001) ;
SDR 82 TDI (002eac0000200000000001) ;
SDR 82 TDI (002eb00000000000000001) ;
SDR 82 TDI (002ec00000008000000011) ;
SDR 82 TDI (002ec40000000000000001) ;
SDR 82 TDI (002ec80000200400000001) ;
SDR 82 TDI (002ecc0000100000000001) ;
SDR 82 TDI (002ed00000000000000003) ;
RUNTEST 20000 TCK;
SDR 82 TDI (002f000000000800000000) TDO (0000000000000000000001) MASK (0000000000000000000003) ;
SDR 82 TDI (002f000000000800000001) ;
SDR 82 TDI (002f040000000080000001) ;
SDR 82 TDI (002f080000000000000001) ;
SDR 82 TDI (002f0c0000200000000001) ;
SDR 82 TDI (002f100000002000000001) ;
SDR 82 TDI (002f200000000000800001) ;
SDR 82 TDI (002f240000002400000001) ;
SDR 82 TDI (002f280000200004000001) ;
SDR 82 TDI (002f2c0000b00004000001) ;
SDR 82 TDI (002f300000200004000001) ;
SDR 82 TDI (002f400000200000000001) ;
SDR 82 TDI (002f440000000000000001) ;
SDR 82 TDI (002f480000300000000001) ;
SDR 82 TDI (002f4c00003000c0000001) ;
SDR 82 TDI (002f500000100400000003) ;
RUNTEST 20000 TCK;
SDR 82 TDI (002f80000000d480000000) TDO (0000000000000000000001) MASK (0000000000000000000003) ;
SDR 82 TDI (002f80000000d480000001) ;
SDR 82 TDI (002f84000004d400200001) ;
SDR 82 TDI (002f88000000d004000001) ;
SDR 82 TDI (002f8c000000d404000001) ;
SDR 82 TDI (002f90000000d404000001) ;
SDR 82 TDI (002fa00010009020000001) ;
SDR 82 TDI (002fa40000009020000001) ;
SDR 82 TDI (002fa80000805080100001) ;
SDR 82 TDI (002fac0000005080000001) ;
SDR 82 TDI (002fb00000005000000001) ;
SDR 82 TDI (002fc00000000800000001) ;
SDR 82 TDI (002fc40000000808000001) ;
SDR 82 TDI (002fc800000040c0100001) ;
SDR 82 TDI (002fcc0000804000000001) ;
SDR 82 TDI (002fd00000804000000003) ;
RUNTEST 20000 TCK;
SDR 82 TDI (0030000000000000000000) TDO (0000000000000000000001) MASK (0000000000000000000003) ;
SDR 82 TDI (0030000000000000000001) ;
SDR 82 TDI (0030040000000000000001) ;
SDR 82 TDI (0030080000000000000001) ;
SDR 82 TDI (00300c0040000000000001) ;
SDR 82 TDI (0030100000000000000001) ;
SDR 82 TDI (0030200000000000000001) ;
SDR 82 TDI (0030240000000000000001) ;
SDR 82 TDI (0030280000000080000001) ;
SDR 82 TDI (00302c0000000080000001) ;
SDR 82 TDI (0030300000000000000001) ;
SDR 82 TDI (0030400000400000000001) ;
SDR 82 TDI (0030440000000000000001) ;
SDR 82 TDI (0030480000000000000001) ;
SDR 82 TDI (00304c0000000000000001) ;
SDR 82 TDI (0030500000000000000003) ;
RUNTEST 20000 TCK;
SDR 82 TDI (0030800000000000000000) TDO (0000000000000000000001) MASK (0000000000000000000003) ;
SDR 82 TDI (0030800000000000000001) ;
SDR 82 TDI (0030840000000000000001) ;
SDR 82 TDI (0030880000000004000001) ;
SDR 82 TDI (00308c0000000000000001) ;
SDR 82 TDI (0030900000000000000001) ;
SDR 82 TDI (0030a00000000000008001) ;
SDR 82 TDI (0030a40000000000000001) ;
SDR 82 TDI (0030a80000000000000001) ;
SDR 82 TDI (0030ac0000000000000001) ;
SDR 82 TDI (0030b00000000000000001) ;
SDR 82 TDI (0030c00000000000000009) ;
SDR 82 TDI (0030c40000000000000001) ;
SDR 82 TDI (0030c80000000080000001) ;
SDR 82 TDI (0030cc0000000000000001) ;
SDR 82 TDI (0030d00000000000000003) ;
RUNTEST 20000 TCK;
SDR 82 TDI (0031000010000000000000) TDO (0000000000000000000001) MASK (0000000000000000000003) ;
SDR 82 TDI (0031000010000000000001) ;
SDR 82 TDI (0031040000000000000001) ;
SDR 82 TDI (0031080000200000000001) ;
SDR 82 TDI (00310c0000000000000001) ;
SDR 82 TDI (0031100000000000000001) ;
SDR 82 TDI (0031200000000800000001) ;
SDR 82 TDI (0031240000400000000081) ;
SDR 82 TDI (0031280000100000000001) ;
SDR 82 TDI (00312c0000000000000001) ;
SDR 82 TDI (0031300000000800000001) ;
SDR 82 TDI (0031400020000000000001) ;
SDR 82 TDI (0031440020000000000001) ;
SDR 82 TDI (0031480000000000000001) ;
SDR 82 TDI (00314c0000000000000001) ;
SDR 82 TDI (0031500000000000000003) ;
RUNTEST 20000 TCK;
SDR 82 TDI (0031804000000000000000) TDO (0000000000000000000001) MASK (0000000000000000000003) ;
SDR 82 TDI (0031804000000000000001) ;
SDR 82 TDI (0031840000200000000001) ;
SDR 82 TDI (0031880000000000000001) ;
SDR 82 TDI (00318c0000000000000001) ;
SDR 82 TDI (0031900000000000000001) ;
SDR 82 TDI (0031a00000000000000021) ;
SDR 82 TDI (0031a40000100820100021) ;
SDR 82 TDI (0031a80000000000000001) ;
SDR 82 TDI (0031ac0000000000000001) ;
SDR 82 TDI (0031b00000000000000001) ;
SDR 82 TDI (0031c00000000000000061) ;
SDR 82 TDI (0031c40000000000000021) ;
SDR 82 TDI (0031c80000000000000001) ;
SDR 82 TDI (0031cc0000000000000001) ;
SDR 82 TDI (0031d00000000000000003) ;
RUNTEST 20000 TCK;
SDR 82 TDI (0032000040001000000000) TDO (0000000000000000000001) MASK (0000000000000000000003) ;
SDR 82 TDI (0032000040001000000001) ;
SDR 82 TDI (0032040040001000000001) ;
SDR 82 TDI (0032080040000010000001) ;
SDR 82 TDI (00320c0040200000000001) ;
SDR 82 TDI (0032100040000000000001) ;
SDR 82 TDI (0032200000881000400001) ;
SDR 82 TDI (0032240080080000000001) ;
SDR 82 TDI (0032280040200000000001) ;
SDR 82 TDI (00322c0040300000000001) ;
SDR 82 TDI (0032300040200000000001) ;
SDR 82 TDI (0032400080200800000001) ;
SDR 82 TDI (0032440080000000000001) ;
SDR 82 TDI (0032480080300000000001) ;
SDR 82 TDI (00324c0080300000000001) ;
SDR 82 TDI (0032500080100000000003) ;
RUNTEST 20000 TCK;
SDR 82 TDI (00328040000000008c4000) TDO (0000000000000000000001) MASK (0000000000000000000003) ;
SDR 82 TDI (00328040000000008c4001) ;
SDR 82 TDI (0032840000000000800001) ;
SDR 82 TDI (0032880000001000000001) ;
SDR 82 TDI (00328c0080001000000001) ;
SDR 82 TDI (0032900000001000000001) ;
SDR 82 TDI (0032a00000000000080001) ;
SDR 82 TDI (0032a40000001000000001) ;
SDR 82 TDI (0032a80000001000000001) ;
SDR 82 TDI (0032ac0000001000000001) ;
SDR 82 TDI (0032b00000001000000001) ;
SDR 82 TDI (0032c00000000000400001) ;
SDR 82 TDI (0032c40000000800800001) ;
SDR 82 TDI (0032c80000000000000001) ;
SDR 82 TDI (0032cc0000000000000001) ;
SDR 82 TDI (0032d00000000000000003) ;
RUNTEST 20000 TCK;
SDR 82 TDI (0033000000000000000000) TDO (0000000000000000000001) MASK (0000000000000000000003) ;
SDR 82 TDI (0033000000000000000001) ;
SDR 82 TDI (0033040000000000000001) ;
SDR 82 TDI (0033084000000000000081) ;
SDR 82 TDI (00330c4000000000000001) ;
SDR 82 TDI (0033104000000000000001) ;
SDR 82 TDI (0033200400000008000001) ;
SDR 82 TDI (0033240400100000000001) ;
SDR 82 TDI (0033280400000000000001) ;
SDR 82 TDI (00332c0400000000000001) ;
SDR 82 TDI (0033308400000000000001) ;
SDR 82 TDI (0033400000000000000001) ;
SDR 82 TDI (0033448020000000000001) ;
SDR 82 TDI (0033488800000000000001) ;
SDR 82 TDI (00334cc800000004000001) ;
SDR 82 TDI (003350c000000000000003) ;
RUNTEST 20000 TCK;
SDR 82 TDI (0033800000000000000080) TDO (0000000000000000000001) MASK (0000000000000000000003) ;
SDR 82 TDI (0033800000000000000081) ;
SDR 82 TDI (0033840000000000000081) ;
SDR 82 TDI (0033881000000000000001) ;
SDR 82 TDI (00338c2000000000000001) ;
SDR 82 TDI (0033900000000000000001) ;
SDR 82 TDI (0033a00000000000000001) ;
SDR 82 TDI (0033a40000000000000001) ;
SDR 82 TDI (0033a80000000000000001) ;
SDR 82 TDI (0033ac0000000800000001) ;
SDR 82 TDI (0033b00000000000000001) ;
SDR 82 TDI (0033c00004000000000001) ;
SDR 82 TDI (0033c40800000000000001) ;
SDR 82 TDI (0033c80000000000000001) ;
SDR 82 TDI (0033cc0000000000000001) ;
SDR 82 TDI (0033d00000000000000003) ;
RUNTEST 20000 TCK;
SDR 82 TDI (0034000000000000000000) TDO (0000000000000000000001) MASK (0000000000000000000003) ;
SDR 82 TDI (0034000000000000000001) ;
SDR 82 TDI (0034040000200000000001) ;
SDR 82 TDI (0034080000200000000001) ;
SDR 82 TDI (00340c0000004000000001) ;
SDR 82 TDI (0034100000004000000001) ;
SDR 82 TDI (0034200000000000000001) ;
SDR 82 TDI (0034240000100000000001) ;
SDR 82 TDI (0034280000100000000001) ;
SDR 82 TDI (00342c0000004000000001) ;
SDR 82 TDI (0034300000004000000001) ;
SDR 82 TDI (0034400000000000000001) ;
SDR 82 TDI (0034440000000000000001) ;
SDR 82 TDI (0034480000000000000001) ;
SDR 82 TDI (00344c0000000000000001) ;
SDR 82 TDI (0034500000000000000003) ;
RUNTEST 20000 TCK;
SDR 82 TDI (0034800000204004000000) TDO (0000000000000000000001) MASK (0000000000000000000003) ;
SDR 82 TDI (0034800000204004000001) ;
SDR 82 TDI (0034840000004014000001) ;
SDR 82 TDI (0034880000004000000001) ;
SDR 82 TDI (00348c0000000084000001) ;
SDR 82 TDI (0034900000000084000001) ;
SDR 82 TDI (0034a00000100000000005) ;
SDR 82 TDI (0034a40000000000000001) ;
SDR 82 TDI (0034a80000004000000001) ;
SDR 82 TDI (0034ac0000000080000001) ;
SDR 82 TDI (0034b00000000084000001) ;
SDR 82 TDI (0034c00020001080000005) ;
SDR 82 TDI (0034c40020000080000001) ;
SDR 82 TDI (0034c80000000040000001) ;
SDR 82 TDI (0034cc00000000c0000001) ;
SDR 82 TDI (0034d000000000c0000003) ;
RUNTEST 20000 TCK;
SDR 82 TDI (0035000000000000000000) TDO (0000000000000000000001) MASK (0000000000000000000003) ;
SDR 82 TDI (0035000000000000000001) ;
SDR 82 TDI (0035040000000000000001) ;
SDR 82 TDI (0035080000000000000001) ;
SDR 82 TDI (00350c0000000000000001) ;
SDR 82 TDI (0035100000000000000001) ;
SDR 82 TDI (0035200000000000000001) ;
SDR 82 TDI (0035240000000000000001) ;
SDR 82 TDI (0035280000000000000001) ;
SDR 82 TDI (00352c0000000000000001) ;
SDR 82 TDI (0035300000000000000001) ;
SDR 82 TDI (0035400000000000000001) ;
SDR 82 TDI (0035440000000000000001) ;
SDR 82 TDI (0035480000000000000001) ;
SDR 82 TDI (00354c0000000000000001) ;
SDR 82 TDI (0035500000000000000003) ;
RUNTEST 20000 TCK;
SDR 82 TDI (0035804000004000000000) TDO (0000000000000000000001) MASK (0000000000000000000003) ;
SDR 82 TDI (0035804000004000000001) ;
SDR 82 TDI (0035840000000000200001) ;
SDR 82 TDI (0035880000004000000001) ;
SDR 82 TDI (00358c0000004000000001) ;
SDR 82 TDI (0035900000000000000001) ;
SDR 82 TDI (0035a00000000000001001) ;
SDR 82 TDI (0035a40080000000000011) ;
SDR 82 TDI (0035a80000000000000001) ;
SDR 82 TDI (0035ac0000004000000001) ;
SDR 82 TDI (0035b00000000000000001) ;
SDR 82 TDI (0035c00000000000000001) ;
SDR 82 TDI (0035c40000000000000001) ;
SDR 82 TDI (0035c80000000000000001) ;
SDR 82 TDI (0035cc0000000000000001) ;
SDR 82 TDI (0035d00080000000000003) ;
RUNTEST 20000 TCK;
SDR 82 TDI (0035d00080000000000000) TDO (0000000000000000000001) MASK (0000000000000000000003) ;
// Loading devices with 'conld' or 'bypass' instruction.
SIR 8 TDI (f0) ;
RUNTEST 100 TCK;
TIR 0 ;
HIR 0 ;
HDR 0 ;
TDR 0 ;
//Loading device with 'ispen' instruction.
SIR 8 TDI (e8) ;
SDR 6 TDI (05) SMASK (3f) ;
//Loading device with 'ispen' instruction.
SIR 8 TDI (e8) ;
SDR 6 TDI (05) ;
// Loading device with a 'fvfy' instruction. 
SIR 8 TDI (ee) ;
SDR 82 TDI (0000000000000080000003) SMASK (03ffffffffffffffffffff) ;
RUNTEST 1 TCK;
SDR 82 TDI (0000040400000884000003) TDO (0000000000000080000001) MASK (03ffffffffffffffffffff) ;
RUNTEST 1 TCK;
SDR 82 TDI (0000084400000080000003) TDO (0000040400000884000001) ;
RUNTEST 1 TCK;
SDR 82 TDI (00000c4400200000000003) TDO (0000084400000080000001) ;
RUNTEST 1 TCK;
SDR 82 TDI (0000104440002004000003) TDO (00000c4400200000000001) ;
RUNTEST 1 TCK;
SDR 82 TDI (0000200000000080000003) TDO (0000104440002004000001) ;
RUNTEST 1 TCK;
SDR 82 TDI (0000240400000480000003) TDO (0000200000000080000001) ;
RUNTEST 1 TCK;
SDR 82 TDI (0000288440202080000003) TDO (0000240400000480000001) ;
RUNTEST 1 TCK;
SDR 82 TDI (00002c8440300000000003) TDO (0000288440202080000001) ;
RUNTEST 1 TCK;
SDR 82 TDI (0000300440200084000003) TDO (00002c8440300000000001) ;
RUNTEST 1 TCK;
SDR 82 TDI (0000408000200000000003) TDO (0000300440200084000001) ;
RUNTEST 1 TCK;
SDR 82 TDI (0000440000000080000003) TDO (0000408000200000000001) ;
RUNTEST 1 TCK;
SDR 82 TDI (0000480000300000000003) TDO (0000440000000080000001) ;
RUNTEST 1 TCK;
SDR 82 TDI (00004cc000300000000003) TDO (0000480000300000000001) ;
RUNTEST 1 TCK;
SDR 82 TDI (0000504000100400000003) TDO (00004cc000300000000001) ;
RUNTEST 1 TCK;
SDR 82 TDI (000080040000d400000003) TDO (0000504000100400000001) ;
RUNTEST 1 TCK;
SDR 82 TDI (000084004000d000000003) TDO (000080040000d400000001) ;
RUNTEST 1 TCK;
SDR 82 TDI (000088000000d400000003) TDO (000084004000d000000001) ;
RUNTEST 1 TCK;
SDR 82 TDI (00008c000000d480700003) TDO (000088000000d400000001) ;
RUNTEST 1 TCK;
SDR 82 TDI (000090200000d480000003) TDO (00008c000000d480700001) ;
RUNTEST 1 TCK;
SDR 82 TDI (0000a00400009000040003) TDO (000090200000d480000001) ;
RUNTEST 1 TCK;
SDR 82 TDI (0000a40000001000000003) TDO (0000a00400009000040001) ;
RUNTEST 1 TCK;
SDR 82 TDI (0000a8000000d000000003) TDO (0000a40000001000000001) ;
RUNTEST 1 TCK;
SDR 82 TDI (0000ac0000005080300003) TDO (0000a8000000d000000001) ;
RUNTEST 1 TCK;
SDR 82 TDI (0000b08000005000000003) TDO (0000ac0000005080300001) ;
RUNTEST 1 TCK;
SDR 82 TDI (0000c00000000800000003) TDO (0000b08000005000000001) ;
RUNTEST 1 TCK;
SDR 82 TDI (0000c48000000800000003) TDO (0000c00000000800000001) ;
RUNTEST 1 TCK;
SDR 82 TDI (0000c88880006040000003) TDO (0000c48000000800000001) ;
RUNTEST 1 TCK;
SDR 82 TDI (0000cc00000040402c0003) TDO (0000c88880006040000001) ;
RUNTEST 1 TCK;
SDR 82 TDI (0000d08000004040000003) TDO (0000cc00000040402c0001) ;
RUNTEST 1 TCK;
SDR 82 TDI (0001000004000000000003) TDO (0000d08000004040000001) ;
RUNTEST 1 TCK;
SDR 82 TDI (0001040000000000000103) TDO (0001000004000000000001) ;
RUNTEST 1 TCK;
SDR 82 TDI (0001080000500000000103) TDO (0001040000000000000101) ;
RUNTEST 1 TCK;
SDR 82 TDI (00010c0000004000000103) TDO (0001080000500000000101) ;
RUNTEST 1 TCK;
SDR 82 TDI (0001100000004000000003) TDO (00010c0000004000000101) ;
RUNTEST 1 TCK;
SDR 82 TDI (0001200000000000000003) TDO (0001100000004000000001) ;
RUNTEST 1 TCK;
SDR 82 TDI (0001240040000000000003) TDO (0001200000000000000001) ;
RUNTEST 1 TCK;
SDR 82 TDI (0001280000000000000003) TDO (0001240040000000000001) ;
RUNTEST 1 TCK;
SDR 82 TDI (00012c0000004000000003) TDO (0001280000000000000001) ;
RUNTEST 1 TCK;
SDR 82 TDI (0001300000004000000003) TDO (00012c0000004000000001) ;
RUNTEST 1 TCK;
SDR 82 TDI (0001400000000000000003) TDO (0001300000004000000001) ;
RUNTEST 1 TCK;
SDR 82 TDI (0001440000080000000003) TDO (0001400000000000000001) ;
RUNTEST 1 TCK;
SDR 82 TDI (0001480000000000000003) TDO (0001440000080000000001) ;
RUNTEST 1 TCK;
SDR 82 TDI (00014c0000000004000003) TDO (0001480000000000000001) ;
RUNTEST 1 TCK;
SDR 82 TDI (0001500000000000000003) TDO (00014c0000000004000001) ;
RUNTEST 1 TCK;
SDR 82 TDI (0001800000504000000003) TDO (0001500000000000000001) ;
RUNTEST 1 TCK;
SDR 82 TDI (0001840000004000000003) TDO (0001800000504000000001) ;
RUNTEST 1 TCK;
SDR 82 TDI (0001880000804000000003) TDO (0001840000004000000001) ;
RUNTEST 1 TCK;
SDR 82 TDI (00018c0000000000000003) TDO (0001880000804000000001) ;
RUNTEST 1 TCK;
SDR 82 TDI (0001900000000000000003) TDO (00018c0000000000000001) ;
RUNTEST 1 TCK;
SDR 82 TDI (0001a00000000000000003) TDO (0001900000000000000001) ;
RUNTEST 1 TCK;
SDR 82 TDI (0001a40000000000000003) TDO (0001a00000000000000001) ;
RUNTEST 1 TCK;
SDR 82 TDI (0001a80000004000000003) TDO (0001a40000000000000001) ;
RUNTEST 1 TCK;
SDR 82 TDI (0001ac0000000000000003) TDO (0001a80000004000000001) ;
RUNTEST 1 TCK;
SDR 82 TDI (0001b00000000000000003) TDO (0001ac0000000000000001) ;
RUNTEST 1 TCK;
SDR 82 TDI (0001c00000000000000003) TDO (0001b00000000000000001) ;
RUNTEST 1 TCK;
SDR 82 TDI (0001c40000000000000003) TDO (0001c00000000000000001) ;
RUNTEST 1 TCK;
SDR 82 TDI (0001c80000080000000003) TDO (0001c40000000000000001) ;
RUNTEST 1 TCK;
SDR 82 TDI (0001cc0000000000000003) TDO (0001c80000080000000001) ;
RUNTEST 1 TCK;
SDR 82 TDI (0001d00000000004000003) TDO (0001cc0000000000000001) ;
RUNTEST 1 TCK;
SDR 82 TDI (0002000000000048040003) TDO (0001d00000000004000001) ;
RUNTEST 1 TCK;
SDR 82 TDI (0002044800000068800023) TDO (0002000000000048040001) ;
RUNTEST 1 TCK;
SDR 82 TDI (0002088800000068000003) TDO (0002044800000068800021) ;
RUNTEST 1 TCK;
SDR 82 TDI (00020c0000000060880003) TDO (0002088800000068000001) ;
RUNTEST 1 TCK;
SDR 82 TDI (0002100000000060000003) TDO (00020c0000000060880001) ;
RUNTEST 1 TCK;
SDR 82 TDI (0002200400000010080003) TDO (0002100000000060000001) ;
RUNTEST 1 TCK;
SDR 82 TDI (0002240000000040000003) TDO (0002200400000010080001) ;
RUNTEST 1 TCK;
SDR 82 TDI (0002280000000050000003) TDO (0002240000000040000001) ;
RUNTEST 1 TCK;
SDR 82 TDI (00022c1400000040480003) TDO (0002280000000050000001) ;
RUNTEST 1 TCK;
SDR 82 TDI (0002300000000040000003) TDO (00022c1400000040480001) ;
RUNTEST 1 TCK;
SDR 82 TDI (0002408000000020000013) TDO (0002300000000040000001) ;
RUNTEST 1 TCK;
SDR 82 TDI (0002440000000024800013) TDO (0002408000000020000011) ;
RUNTEST 1 TCK;
SDR 82 TDI (0002480000000034000003) TDO (0002440000000024800011) ;
RUNTEST 1 TCK;
SDR 82 TDI (00024c5000000030c00003) TDO (0002480000000034000001) ;
RUNTEST 1 TCK;
SDR 82 TDI (0002501800000030000003) TDO (00024c5000000030c00001) ;
RUNTEST 1 TCK;
SDR 82 TDI (0002804000000020008023) TDO (0002501800000030000001) ;
RUNTEST 1 TCK;
SDR 82 TDI (0002848000004000000003) TDO (0002804000000020008021) ;
RUNTEST 1 TCK;
SDR 82 TDI (0002880000200000000003) TDO (0002848000004000000001) ;
RUNTEST 1 TCK;
SDR 82 TDI (00028c0400000000000003) TDO (0002880000200000000001) ;
RUNTEST 1 TCK;
SDR 82 TDI (0002900000004000000003) TDO (00028c0400000000000001) ;
RUNTEST 1 TCK;
SDR 82 TDI (0002a00000000040000003) TDO (0002900000004000000001) ;
RUNTEST 1 TCK;
SDR 82 TDI (0002a49020000000000003) TDO (0002a00000000040000001) ;
RUNTEST 1 TCK;
SDR 82 TDI (0002a89400004020000003) TDO (0002a49020000000000001) ;
RUNTEST 1 TCK;
SDR 82 TDI (0002acc000000000000003) TDO (0002a89400004020000001) ;
RUNTEST 1 TCK;
SDR 82 TDI (0002b08000004020000003) TDO (0002acc000000000000001) ;
RUNTEST 1 TCK;
SDR 82 TDI (0002c04000000050000003) TDO (0002b08000004020000001) ;
RUNTEST 1 TCK;
SDR 82 TDI (0002c41000000040000003) TDO (0002c04000000050000001) ;
RUNTEST 1 TCK;
SDR 82 TDI (0002c85000000000000003) TDO (0002c41000000040000001) ;
RUNTEST 1 TCK;
SDR 82 TDI (0002cc0000000000000003) TDO (0002c85000000000000001) ;
RUNTEST 1 TCK;
SDR 82 TDI (0002d06000000000000003) TDO (0002cc0000000000000001) ;
RUNTEST 1 TCK;
SDR 82 TDI (0003000800000000040103) TDO (0002d06000000000000001) ;
RUNTEST 1 TCK;
SDR 82 TDI (0003040040000008800103) TDO (0003000800000000040101) ;
RUNTEST 1 TCK;
SDR 82 TDI (0003080040000008000183) TDO (0003040040000008800101) ;
RUNTEST 1 TCK;
SDR 82 TDI (00030c0040000000000303) TDO (0003080040000008000181) ;
RUNTEST 1 TCK;
SDR 82 TDI (0003100000000000000103) TDO (00030c0040000000000301) ;
RUNTEST 1 TCK;
SDR 82 TDI (0003200000000000480203) TDO (0003100000000000000101) ;
RUNTEST 1 TCK;
SDR 82 TDI (0003240800000000000003) TDO (0003200000000000480201) ;
RUNTEST 1 TCK;
SDR 82 TDI (0003280000000000000103) TDO (0003240800000000000001) ;
RUNTEST 1 TCK;
SDR 82 TDI (00032c0040000010000003) TDO (0003280000000000000101) ;
RUNTEST 1 TCK;
SDR 82 TDI (0003300000000010000003) TDO (00032c0040000010000001) ;
RUNTEST 1 TCK;
SDR 82 TDI (0003400080000000400003) TDO (0003300000000010000001) ;
RUNTEST 1 TCK;
SDR 82 TDI (0003440000000000800003) TDO (0003400080000000400001) ;
RUNTEST 1 TCK;
SDR 82 TDI (0003480080000000000003) TDO (0003440000000000800001) ;
RUNTEST 1 TCK;
SDR 82 TDI (00034c0080000000000003) TDO (0003480080000000000001) ;
RUNTEST 1 TCK;
SDR 82 TDI (0003500080000000000003) TDO (00034c0080000000000001) ;
RUNTEST 1 TCK;
SDR 82 TDI (0003800044004000800103) TDO (0003500080000000000001) ;
RUNTEST 1 TCK;
SDR 82 TDI (0003840800004000000383) TDO (0003800044004000800101) ;
RUNTEST 1 TCK;
SDR 82 TDI (0003880800004000000003) TDO (0003840800004000000381) ;
RUNTEST 1 TCK;
SDR 82 TDI (00038c0000004000000203) TDO (0003880800004000000001) ;
RUNTEST 1 TCK;
SDR 82 TDI (0003900080004000000103) TDO (00038c0000004000000201) ;
RUNTEST 1 TCK;
SDR 82 TDI (0003a00040000000000303) TDO (0003900080004000000101) ;
RUNTEST 1 TCK;
SDR 82 TDI (0003a40000000000000003) TDO (0003a00040000000000301) ;
RUNTEST 1 TCK;
SDR 82 TDI (0003a80000004000000003) TDO (0003a40000000000000001) ;
RUNTEST 1 TCK;
SDR 82 TDI (0003ac0000004000000003) TDO (0003a80000004000000001) ;
RUNTEST 1 TCK;
SDR 82 TDI (0003b00000004000000003) TDO (0003ac0000004000000001) ;
RUNTEST 1 TCK;
SDR 82 TDI (0003c00000000000000003) TDO (0003b00000004000000001) ;
RUNTEST 1 TCK;
SDR 82 TDI (0003c40080000000000003) TDO (0003c00000000000000001) ;
RUNTEST 1 TCK;
SDR 82 TDI (0003c80000000000000003) TDO (0003c40080000000000001) ;
RUNTEST 1 TCK;
SDR 82 TDI (0003cc0000000000000003) TDO (0003c80000000000000001) ;
RUNTEST 1 TCK;
SDR 82 TDI (0003d00000000000000003) TDO (0003cc0000000000000001) ;
RUNTEST 1 TCK;
SDR 82 TDI (0004003c40004800040003) TDO (0003d00000000000000001) ;
RUNTEST 1 TCK;
SDR 82 TDI (0004040040004800800003) TDO (0004003c40004800040001) ;
RUNTEST 1 TCK;
SDR 82 TDI (0004080040004800000083) TDO (0004040040004800800001) ;
RUNTEST 1 TCK;
SDR 82 TDI (00040c0040004c00000003) TDO (0004080040004800000081) ;
RUNTEST 1 TCK;
SDR 82 TDI (000410004000cc00000003) TDO (00040c0040004c00000001) ;
RUNTEST 1 TCK;
SDR 82 TDI (0004204000000000080003) TDO (000410004000cc00000001) ;
RUNTEST 1 TCK;
SDR 82 TDI (0004240000003000000003) TDO (0004204000000000080001) ;
RUNTEST 1 TCK;
SDR 82 TDI (0004280040007400000003) TDO (0004240000003000000001) ;
RUNTEST 1 TCK;
SDR 82 TDI (00042c0040007400000003) TDO (0004280040007400000001) ;
RUNTEST 1 TCK;
SDR 82 TDI (0004300040007000000003) TDO (00042c0040007400000001) ;
RUNTEST 1 TCK;
SDR 82 TDI (0004400080800000400003) TDO (0004300040007000000001) ;
RUNTEST 1 TCK;
SDR 82 TDI (0004440080000000000003) TDO (0004400080800000400001) ;
RUNTEST 1 TCK;
SDR 82 TDI (0004480080005000000003) TDO (0004440080000000000001) ;
RUNTEST 1 TCK;
SDR 82 TDI (00044c0080805000000003) TDO (0004480080005000000001) ;
RUNTEST 1 TCK;
SDR 82 TDI (0004500000005000000003) TDO (00044c0080805000000001) ;
RUNTEST 1 TCK;
SDR 82 TDI (000480808000948488000b) TDO (0004500000005000000001) ;
RUNTEST 1 TCK;
SDR 82 TDI (000484c400009484000083) TDO (0004808080009484880009) ;
RUNTEST 1 TCK;
SDR 82 TDI (0004888400009484000003) TDO (000484c400009484000081) ;
RUNTEST 1 TCK;
SDR 82 TDI (00048c8400009084000003) TDO (0004888400009484000001) ;
RUNTEST 1 TCK;
SDR 82 TDI (0004908400001084000003) TDO (00048c8400009084000001) ;
RUNTEST 1 TCK;
SDR 82 TDI (0004a08000009084000003) TDO (0004908400001084000001) ;
RUNTEST 1 TCK;
SDR 82 TDI (0004a4c480008484000003) TDO (0004a08000009084000001) ;
RUNTEST 1 TCK;
SDR 82 TDI (0004a8c400008084000003) TDO (0004a4c480008484000001) ;
RUNTEST 1 TCK;
SDR 82 TDI (0004acc400000084000003) TDO (0004a8c400008084000001) ;
RUNTEST 1 TCK;
SDR 82 TDI (0004b04400000084000003) TDO (0004acc400000084000001) ;
RUNTEST 1 TCK;
SDR 82 TDI (0004c0c000000880800003) TDO (0004b04400000084000001) ;
RUNTEST 1 TCK;
SDR 82 TDI (0004c40000000880000003) TDO (0004c0c000000880800001) ;
RUNTEST 1 TCK;
SDR 82 TDI (0004c840000000c0000003) TDO (0004c40000000880000001) ;
RUNTEST 1 TCK;
SDR 82 TDI (0004cc80000000c0000003) TDO (0004c840000000c0000001) ;
RUNTEST 1 TCK;
SDR 82 TDI (0004d000800000c0000003) TDO (0004cc80000000c0000001) ;
RUNTEST 1 TCK;
SDR 82 TDI (0005000000000000000003) TDO (0004d000800000c0000001) ;
RUNTEST 1 TCK;
SDR 82 TDI (0005040000140000000003) TDO (0005000000000000000001) ;
RUNTEST 1 TCK;
SDR 82 TDI (0005080000100000000003) TDO (0005040000140000000001) ;
RUNTEST 1 TCK;
SDR 82 TDI (00050c0000c00000000003) TDO (0005080000100000000001) ;
RUNTEST 1 TCK;
SDR 82 TDI (0005100000000000000003) TDO (00050c0000c00000000001) ;
RUNTEST 1 TCK;
SDR 82 TDI (0005200000040000000003) TDO (0005100000000000000001) ;
RUNTEST 1 TCK;
SDR 82 TDI (0005240000000000000003) TDO (0005200000040000000001) ;
RUNTEST 1 TCK;
SDR 82 TDI (0005280000040000000003) TDO (0005240000000000000001) ;
RUNTEST 1 TCK;
SDR 82 TDI (00052c0000000400000003) TDO (0005280000040000000001) ;
RUNTEST 1 TCK;
SDR 82 TDI (0005300000800000000003) TDO (00052c0000000400000001) ;
RUNTEST 1 TCK;
SDR 82 TDI (0005400000000000000003) TDO (0005300000800000000001) ;
RUNTEST 1 TCK;
SDR 82 TDI (0005440000000000000003) TDO (0005400000000000000001) ;
RUNTEST 1 TCK;
SDR 82 TDI (0005480000000000000003) TDO (0005440000000000000001) ;
RUNTEST 1 TCK;
SDR 82 TDI (00054c0000000000000003) TDO (0005480000000000000001) ;
RUNTEST 1 TCK;
SDR 82 TDI (0005500000001000000003) TDO (00054c0000000000000001) ;
RUNTEST 1 TCK;
SDR 82 TDI (0005800008004000000003) TDO (0005500000001000000001) ;
RUNTEST 1 TCK;
SDR 82 TDI (0005840000404000000003) TDO (0005800008004000000001) MASK (03fffcfcfcfcfcfcfcfcff) ;
RUNTEST 1 TCK;
SDR 82 TDI (0005880000404000000003) TDO (0005840000404000000001) MASK (03ffffffffffffffffffff) ;
RUNTEST 1 TCK;
SDR 82 TDI (00058c0000004400000003) TDO (0005880000404000000001) ;
RUNTEST 1 TCK;
SDR 82 TDI (000590000000c400000003) TDO (00058c0000004400000001) ;
RUNTEST 1 TCK;
SDR 82 TDI (0005a00000004000040003) TDO (000590000000c400000001) ;
RUNTEST 1 TCK;
SDR 82 TDI (0005a40000001000000003) TDO (0005a00000004000040001) ;
RUNTEST 1 TCK;
SDR 82 TDI (0005a80000005000000003) TDO (0005a40000001000000001) ;
RUNTEST 1 TCK;
SDR 82 TDI (0005ac0000005000000003) TDO (0005a80000005000000001) ;
RUNTEST 1 TCK;
SDR 82 TDI (0005b00000005000000003) TDO (0005ac0000005000000001) ;
RUNTEST 1 TCK;
SDR 82 TDI (0005c00020000000000003) TDO (0005b00000005000000001) ;
RUNTEST 1 TCK;
SDR 82 TDI (0005c40000000000000003) TDO (0005c00020000000000001) ;
RUNTEST 1 TCK;
SDR 82 TDI (0005c80000084000000003) TDO (0005c40000000000000001) ;
RUNTEST 1 TCK;
SDR 82 TDI (0005cc0000004000000003) TDO (0005c80000084000000001) ;
RUNTEST 1 TCK;
SDR 82 TDI (0005d00000004000000003) TDO (0005cc0000004000000001) ;
RUNTEST 1 TCK;
SDR 82 TDI (0006014303020b03020303) TDO (0005d00000004000000001) ;
RUNTEST 1 TCK;
SDR 82 TDI (0006060303030a03020303) TDO (0006014303020b03020301) ;
RUNTEST 1 TCK;
SDR 82 TDI (0006080303030902020303) TDO (0006060303030a03020301) ;
RUNTEST 1 TCK;
SDR 82 TDI (00060f0303020f03020303) TDO (0006080303030902020301) ;
RUNTEST 1 TCK;
SDR 82 TDI (000613030303ad23020303) TDO (00060f0303020f03020301) ;
RUNTEST 1 TCK;
SDR 82 TDI (0006210303020303020303) TDO (000613030303ad23020301) ;
RUNTEST 1 TCK;
SDR 82 TDI (0006250303033103020303) TDO (0006210303020303020301) ;
RUNTEST 1 TCK;
SDR 82 TDI (00062b0303003603030303) TDO (0006250303033103020301) ;
RUNTEST 1 TCK;
SDR 82 TDI (00062c0303033503030303) TDO (00062b0303003603030301) ;
RUNTEST 1 TCK;
SDR 82 TDI (0006300000003000000003) TDO (00062c0303033503030301) ;
RUNTEST 1 TCK;
SDR 82 TDI (0006400000400000000003) TDO (0006300000003000000001) ;
RUNTEST 1 TCK;
SDR 82 TDI (0006440000000020000003) TDO (0006400000400000000001) ;
RUNTEST 1 TCK;
SDR 82 TDI (0006480000005030000003) TDO (0006440000000020000001) ;
RUNTEST 1 TCK;
SDR 82 TDI (00064c0000005030000003) TDO (0006480000005030000001) ;
RUNTEST 1 TCK;
SDR 82 TDI (0006500000005430000003) TDO (00064c0000005030000001) ;
RUNTEST 1 TCK;
SDR 82 TDI (0006820000010000000003) TDO (0006500000005430000001) ;
RUNTEST 1 TCK;
SDR 82 TDI (0006850000000100000003) TDO (0006820000010000000001) ;
RUNTEST 1 TCK;
SDR 82 TDI (00068b0000000200000003) TDO (0006850000000100000001) ;
RUNTEST 1 TCK;
SDR 82 TDI (00068c0000010000000003) TDO (00068b0000000200000001) ;
RUNTEST 1 TCK;
SDR 82 TDI (0006900000000200000003) TDO (00068c0000010000000001) ;
RUNTEST 1 TCK;
SDR 82 TDI (0006a20004010000040003) TDO (0006900000000200000001) ;
RUNTEST 1 TCK;
SDR 82 TDI (0006a60000000200000003) TDO (0006a20004010000040001) ;
RUNTEST 1 TCK;
SDR 82 TDI (0006a80000030100000003) TDO (0006a60000000200000001) ;
RUNTEST 1 TCK;
SDR 82 TDI (0006af0000000200000003) TDO (0006a80000030100000001) ;
RUNTEST 1 TCK;
SDR 82 TDI (0006b00000000040000003) TDO (0006af0000000200000001) ;
RUNTEST 1 TCK;
SDR 82 TDI (0006c00000000008080003) TDO (0006b00000000040000001) ;
RUNTEST 1 TCK;
SDR 82 TDI (0006c40000000008000083) TDO (0006c00000000008080001) ;
RUNTEST 1 TCK;
SDR 82 TDI (0006c80000000008000003) TDO (0006c40000000008000081) ;
RUNTEST 1 TCK;
SDR 82 TDI (0006cc0000008000000003) TDO (0006c80000000008000001) ;
RUNTEST 1 TCK;
SDR 82 TDI (0006d00000008000000003) TDO (0006cc0000008000000001) ;
RUNTEST 1 TCK;
SDR 82 TDI (0007010002020360000203) TDO (0006d00000008000000001) ;
RUNTEST 1 TCK;
SDR 82 TDI (0007060303010260000203) TDO (0007010002020360000201) ;
RUNTEST 1 TCK;
SDR 82 TDI (0007080202030120000203) TDO (0007060303010260000201) ;
RUNTEST 1 TCK;
SDR 82 TDI (00070d0203020320000203) TDO (0007080202030120000201) ;
RUNTEST 1 TCK;
SDR 82 TDI (0007130303030020000003) TDO (00070d0203020320000201) ;
RUNTEST 1 TCK;
SDR 82 TDI (0007220101220300000203) TDO (0007130303030020000001) ;
RUNTEST 1 TCK;
SDR 82 TDI (0007250203030102000203) TDO (0007220101220300000201) ;
RUNTEST 1 TCK;
SDR 82 TDI (00072a0101000700000303) TDO (0007250203030102000201) ;
RUNTEST 1 TCK;
SDR 82 TDI (00072c0303030103000303) TDO (00072a0101000700000301) ;
RUNTEST 1 TCK;
SDR 82 TDI (0007300000000020000003) TDO (00072c0303030103000301) ;
RUNTEST 1 TCK;
SDR 82 TDI (0007400000000020000003) TDO (0007300000000020000001) ;
RUNTEST 1 TCK;
SDR 82 TDI (0007440000000020000003) TDO (0007400000000020000001) ;
RUNTEST 1 TCK;
SDR 82 TDI (0007480000000030000003) TDO (0007440000000020000001) ;
RUNTEST 1 TCK;
SDR 82 TDI (00074c0000001030000003) TDO (0007480000000030000001) ;
RUNTEST 1 TCK;
SDR 82 TDI (0007500000000030000003) TDO (00074c0000001030000001) ;
RUNTEST 1 TCK;
SDR 82 TDI (0007820001014002102003) TDO (0007500000000030000001) ;
RUNTEST 1 TCK;
SDR 82 TDI (0007850003024100000003) TDO (0007820001014002102001) ;
RUNTEST 1 TCK;
SDR 82 TDI (00078b0002004200000003) TDO (0007850003024100000001) ;
RUNTEST 1 TCK;
SDR 82 TDI (00078e0000014400000003) TDO (00078b0002004200000001) ;
RUNTEST 1 TCK;
SDR 82 TDI (000790020000c600000003) TDO (00078e0000014400000001) ;
RUNTEST 1 TCK;
SDR 82 TDI (0007a30000110000040003) TDO (000790020000c600000001) ;
RUNTEST 1 TCK;
SDR 82 TDI (0007a60000001200000003) TDO (0007a30000110000040001) ;
RUNTEST 1 TCK;
SDR 82 TDI (0007a90202035141000003) TDO (0007a60000001200000001) ;
RUNTEST 1 TCK;
SDR 82 TDI (0007af0001005200000003) TDO (0007a90202035141000001) ;
RUNTEST 1 TCK;
SDR 82 TDI (0007b00000005000000003) TDO (0007af0001005200000001) ;
RUNTEST 1 TCK;
SDR 82 TDI (0007c00010000000080003) TDO (0007b00000005000000001) ;
RUNTEST 1 TCK;
SDR 82 TDI (0007c40000000040000003) TDO (0007c00010000000080001) ;
RUNTEST 1 TCK;
SDR 82 TDI (0007c80000004000000003) TDO (0007c40000000040000001) ;
RUNTEST 1 TCK;
SDR 82 TDI (0007cc0000004000000003) TDO (0007c80000004000000001) ;
RUNTEST 1 TCK;
SDR 82 TDI (0007d00000004000000003) TDO (0007cc0000004000000001) ;
RUNTEST 1 TCK;
SDR 82 TDI (000801002202d300000023) TDO (0007d00000004000000001) ;
RUNTEST 1 TCK;
SDR 82 TDI (000804000300c000000003) TDO (000801002202d300000021) ;
RUNTEST 1 TCK;
SDR 82 TDI (0008080002011100000003) TDO (000804000300c000000001) ;
RUNTEST 1 TCK;
SDR 82 TDI (00080d0202025500000003) TDO (0008080002011100000001) ;
RUNTEST 1 TCK;
SDR 82 TDI (000812020001c000000003) TDO (00080d0202025500000001) ;
RUNTEST 1 TCK;
SDR 82 TDI (0008200001008500000003) TDO (000812020001c000000001) ;
RUNTEST 1 TCK;
SDR 82 TDI (0008250203039500000203) TDO (0008200001008500000001) ;
RUNTEST 1 TCK;
SDR 82 TDI (0008280001009200000203) TDO (0008250203039500000201) ;
RUNTEST 1 TCK;
SDR 82 TDI (00082c0203020001000003) TDO (0008280001009200000201) ;
RUNTEST 1 TCK;
SDR 82 TDI (0008300000000000000003) TDO (00082c0203020001000001) ;
RUNTEST 1 TCK;
SDR 82 TDI (0008400000000800000003) TDO (0008300000000000000001) ;
RUNTEST 1 TCK;
SDR 82 TDI (0008440000008000000003) TDO (0008400000000800000001) ;
RUNTEST 1 TCK;
SDR 82 TDI (0008480000004000000003) TDO (0008440000008000000001) ;
RUNTEST 1 TCK;
SDR 82 TDI (00084c0020008000000003) TDO (0008480000004000000001) ;
RUNTEST 1 TCK;
SDR 82 TDI (0008500000000000000003) TDO (00084c0020008000000001) ;
RUNTEST 1 TCK;
SDR 82 TDI (0008820010010000000003) TDO (0008500000000000000001) ;
RUNTEST 1 TCK;
SDR 82 TDI (0008870000030300000023) TDO (0008820010010000000001) ;
RUNTEST 1 TCK;
SDR 82 TDI (00088a0000020200000003) TDO (0008870000030300000021) ;
RUNTEST 1 TCK;
SDR 82 TDI (00088e0000012200000003) TDO (00088a0000020200000001) ;
RUNTEST 1 TCK;
SDR 82 TDI (0008900000030200000003) TDO (00088e0000012200000001) ;
RUNTEST 1 TCK;
SDR 82 TDI (0008a30800020210000003) TDO (0008900000030200000001) ;
RUNTEST 1 TCK;
SDR 82 TDI (0008a60000000240000003) TDO (0008a30800020210000001) ;
RUNTEST 1 TCK;
SDR 82 TDI (0008ab0002030111000003) TDO (0008a60000000240000001) ;
RUNTEST 1 TCK;
SDR 82 TDI (0008af0000010b00000003) TDO (0008ab0002030111000001) ;
RUNTEST 1 TCK;
SDR 82 TDI (0008b00000000000000003) TDO (0008af0000010b00000001) ;
RUNTEST 1 TCK;
SDR 82 TDI (0008c00000008000000003) TDO (0008b00000000000000001) ;
RUNTEST 1 TCK;
SDR 82 TDI (0008c40000000004000013) TDO (0008c00000008000000001) ;
RUNTEST 1 TCK;
SDR 82 TDI (0008c80000000004000003) TDO (0008c40000000004000011) ;
RUNTEST 1 TCK;
SDR 82 TDI (0008cc0000000400000003) TDO (0008c80000000004000001) ;
RUNTEST 1 TCK;
SDR 82 TDI (0008d00000000000000003) TDO (0008cc0000000400000001) ;
RUNTEST 1 TCK;
SDR 82 TDI (0009010000020302000003) TDO (0008d00000000000000001) ;
RUNTEST 1 TCK;
SDR 82 TDI (0009040002000202000003) TDO (0009010000020302000001) ;
RUNTEST 1 TCK;
SDR 82 TDI (0009080203010083000003) TDO (0009040002000202000001) ;
RUNTEST 1 TCK;
SDR 82 TDI (00090c0202020833000003) TDO (0009080203010083000001) ;
RUNTEST 1 TCK;
SDR 82 TDI (0009120200010043000203) TDO (00090c0202020833000001) ;
RUNTEST 1 TCK;
SDR 82 TDI (0009200000000003000003) TDO (0009120200010043000201) ;
RUNTEST 1 TCK;
SDR 82 TDI (0009250202030103000003) TDO (0009200000000003000001) ;
RUNTEST 1 TCK;
SDR 82 TDI (0009280000000201000003) TDO (0009250202030103000001) ;
RUNTEST 1 TCK;
SDR 82 TDI (00092c0203020003000203) TDO (0009280000000201000001) ;
RUNTEST 1 TCK;
SDR 82 TDI (0009300000000080000003) TDO (00092c0203020003000201) ;
RUNTEST 1 TCK;
SDR 82 TDI (0009400000100020000003) TDO (0009300000000080000001) ;
RUNTEST 1 TCK;
SDR 82 TDI (0009440000000000000003) TDO (0009400000100020000001) ;
RUNTEST 1 TCK;
SDR 82 TDI (0009482000001000000003) TDO (0009440000000000000001) ;
RUNTEST 1 TCK;
SDR 82 TDI (00094c0000000000000083) TDO (0009482000001000000001) ;
RUNTEST 1 TCK;
SDR 82 TDI (00095000000000c0000003) TDO (00094c0000000000000081) ;
RUNTEST 1 TCK;
SDR 82 TDI (0009820002214002100057) TDO (00095000000000c0000001) ;
RUNTEST 1 TCK;
SDR 82 TDI (0009870000034302000003) TDO (0009820002214002100055) ;
RUNTEST 1 TCK;
SDR 82 TDI (00098a020100430b000003) TDO (0009870000034302000001) ;
RUNTEST 1 TCK;
SDR 82 TDI (00098e0000014643000003) TDO (00098a020100430b000001) ;
RUNTEST 1 TCK;
SDR 82 TDI (000990000003c603000203) TDO (00098e0000014643000001) ;
RUNTEST 1 TCK;
SDR 82 TDI (0009a30000020203140003) TDO (000990000003c603000201) ;
RUNTEST 1 TCK;
SDR 82 TDI (0009a60010001307000003) TDO (0009a30000020203140001) ;
RUNTEST 1 TCK;
SDR 82 TDI (0009ab0003015111000003) TDO (0009a60010001307000001) ;
RUNTEST 1 TCK;
SDR 82 TDI (0009af2000015307000203) TDO (0009ab0003015111000001) ;
RUNTEST 1 TCK;
SDR 82 TDI (0009b02000005010000003) TDO (0009af2000015307000201) ;
RUNTEST 1 TCK;
SDR 82 TDI (0009c00000000000080003) TDO (0009b02000005010000001) ;
RUNTEST 1 TCK;
SDR 82 TDI (0009c40000000000000003) TDO (0009c00000000000080001) ;
RUNTEST 1 TCK;
SDR 82 TDI (0009c800000040a4000003) TDO (0009c40000000000000001) ;
RUNTEST 1 TCK;
SDR 82 TDI (0009cc0000004010000003) TDO (0009c800000040a4000001) ;
RUNTEST 1 TCK;
SDR 82 TDI (0009d00000004030000003) TDO (0009cc0000004010000001) ;
RUNTEST 1 TCK;
SDR 82 TDI (000a010000020300000003) TDO (0009d00000004030000001) ;
RUNTEST 1 TCK;
SDR 82 TDI (000a040002000000000003) TDO (000a010000020300000001) ;
RUNTEST 1 TCK;
SDR 82 TDI (000a084000010000000003) TDO (000a040002000000000001) ;
RUNTEST 1 TCK;
SDR 82 TDI (000a0c6000020000000003) TDO (000a084000010000000001) ;
RUNTEST 1 TCK;
SDR 82 TDI (000a126200010000000003) TDO (000a0c6000020000000001) ;
RUNTEST 1 TCK;
SDR 82 TDI (000a200400000000000003) TDO (000a126200010000000001) ;
RUNTEST 1 TCK;
SDR 82 TDI (000a250600030010000003) TDO (000a200400000000000001) ;
RUNTEST 1 TCK;
SDR 82 TDI (000a280400000000000003) TDO (000a250600030010000001) ;
RUNTEST 1 TCK;
SDR 82 TDI (000a2c0603020001000003) TDO (000a280400000000000001) ;
RUNTEST 1 TCK;
SDR 82 TDI (000a308400000000000003) TDO (000a2c0603020001000001) ;
RUNTEST 1 TCK;
SDR 82 TDI (000a401000000000000003) TDO (000a308400000000000001) ;
RUNTEST 1 TCK;
SDR 82 TDI (000a448000000000000003) TDO (000a401000000000000001) ;
RUNTEST 1 TCK;
SDR 82 TDI (000a488800000000000003) TDO (000a448000000000000001) ;
RUNTEST 1 TCK;
SDR 82 TDI (000a4cc800000000000003) TDO (000a488800000000000001) ;
RUNTEST 1 TCK;
SDR 82 TDI (000a50c000000000000003) TDO (000a4cc800000000000001) ;
RUNTEST 1 TCK;
SDR 82 TDI (000a820000010000300003) TDO (000a50c000000000000001) ;
RUNTEST 1 TCK;
SDR 82 TDI (000a870000022300000003) TDO (000a820000010000300001) ;
RUNTEST 1 TCK;
SDR 82 TDI (000a8a3000000300000003) TDO (000a870000022300000001) ;
RUNTEST 1 TCK;
SDR 82 TDI (000a8e0200010200000003) TDO (000a8a3000000300000001) ;
RUNTEST 1 TCK;
SDR 82 TDI (000a900000020200000003) TDO (000a8e0200010200000001) ;
RUNTEST 1 TCK;
SDR 82 TDI (000aa30000020200140003) TDO (000a900000020200000001) ;
RUNTEST 1 TCK;
SDR 82 TDI (000aa60008000200000003) TDO (000aa30000020200140001) ;
RUNTEST 1 TCK;
SDR 82 TDI (000aaa0002010300000003) TDO (000aa60008000200000001) ;
RUNTEST 1 TCK;
SDR 82 TDI (000aaf0000010300000003) TDO (000aaa0002010300000001) ;
RUNTEST 1 TCK;
SDR 82 TDI (000ab00000000000000003) TDO (000aaf0000010300000001) ;
RUNTEST 1 TCK;
SDR 82 TDI (000ac00000000000080003) TDO (000ab00000000000000001) ;
RUNTEST 1 TCK;
SDR 82 TDI (000ac40000000400000003) TDO (000ac00000000000080001) ;
RUNTEST 1 TCK;
SDR 82 TDI (000ac80000000000000003) TDO (000ac40000000400000001) ;
RUNTEST 1 TCK;
SDR 82 TDI (000acc0000000000000003) TDO (000ac80000000000000001) ;
RUNTEST 1 TCK;
SDR 82 TDI (000ad00000000000000003) TDO (000acc0000000000000001) ;
RUNTEST 1 TCK;
SDR 82 TDI (000b000000020000000003) TDO (000ad00000000000000001) ;
RUNTEST 1 TCK;
SDR 82 TDI (000b040000010100000003) TDO (000b000000020000000001) ;
RUNTEST 1 TCK;
SDR 82 TDI (000b080200010101000003) TDO (000b040000010100000001) ;
RUNTEST 1 TCK;
SDR 82 TDI (000b0e0201000000000003) TDO (000b080200010101000001) ;
RUNTEST 1 TCK;
SDR 82 TDI (000b110003010101000003) TDO (000b0e0201000000000001) ;
RUNTEST 1 TCK;
SDR 82 TDI (000b210000000102000003) TDO (000b110003010101000001) ;
RUNTEST 1 TCK;
SDR 82 TDI (000b240103000100000003) TDO (000b210000000102000001) ;
RUNTEST 1 TCK;
SDR 82 TDI (000b292002000002000003) TDO (000b240103000100000001) ;
RUNTEST 1 TCK;
SDR 82 TDI (000b2c0200000000000003) TDO (000b292002000002000001) ;
RUNTEST 1 TCK;
SDR 82 TDI (000b300000000000000003) TDO (000b2c0200000000000001) ;
RUNTEST 1 TCK;
SDR 82 TDI (000b400000000000002003) TDO (000b300000000000000001) ;
RUNTEST 1 TCK;
SDR 82 TDI (000b440000000000000003) TDO (000b400000000000002001) ;
RUNTEST 1 TCK;
SDR 82 TDI (000b480000000000000003) TDO (000b440000000000000001) ;
RUNTEST 1 TCK;
SDR 82 TDI (000b4c0000000000000003) TDO (000b480000000000000001) ;
RUNTEST 1 TCK;
SDR 82 TDI (000b500000000004000003) TDO (000b4c0000000000000001) ;
RUNTEST 1 TCK;
SDR 82 TDI (000b810000020300300003) TDO (000b500000000004000001) ;
RUNTEST 1 TCK;
SDR 82 TDI (000b860002000000000003) TDO (000b810000020300300001) ;
RUNTEST 1 TCK;
SDR 82 TDI (000b8a0000010000000003) TDO (000b860002000000000001) ;
RUNTEST 1 TCK;
SDR 82 TDI (000b8e0000000200000003) TDO (000b8a0000010000000001) ;
RUNTEST 1 TCK;
SDR 82 TDI (000b920200000000000003) TDO (000b8e0000000200000001) ;
RUNTEST 1 TCK;
SDR 82 TDI (000ba00000000200340003) TDO (000b920200000000000001) ;
RUNTEST 1 TCK;
SDR 82 TDI (000ba50000030000000003) TDO (000ba00000000200340001) ;
RUNTEST 1 TCK;
SDR 82 TDI (000baa0000040200000003) TDO (000ba50000030000000001) ;
RUNTEST 1 TCK;
SDR 82 TDI (000bac2203020101000003) TDO (000baa0000040200000001) ;
RUNTEST 1 TCK;
SDR 82 TDI (000bb02000000000000003) TDO (000bac2203020101000001) ;
RUNTEST 1 TCK;
SDR 82 TDI (000bc00000000000080023) TDO (000bb02000000000000001) ;
RUNTEST 1 TCK;
SDR 82 TDI (000bc40000000000000003) TDO (000bc00000000000080021) ;
RUNTEST 1 TCK;
SDR 82 TDI (000bc80000000000000003) TDO (000bc40000000000000001) ;
RUNTEST 1 TCK;
SDR 82 TDI (000bcc0000000000000003) TDO (000bc80000000000000001) ;
RUNTEST 1 TCK;
SDR 82 TDI (000bd00000000000000003) TDO (000bcc0000000000000001) ;
RUNTEST 1 TCK;
SDR 82 TDI (000c010040020168000003) TDO (000bd00000000000000001) ;
RUNTEST 1 TCK;
SDR 82 TDI (000c050040120568000003) TDO (000c010040020168000001) ;
RUNTEST 1 TCK;
SDR 82 TDI (000c084040110468000003) TDO (000c050040120568000001) ;
RUNTEST 1 TCK;
SDR 82 TDI (000c0c4040020060000003) TDO (000c084040110468000001) ;
RUNTEST 1 TCK;
SDR 82 TDI (000c124040000060000003) TDO (000c0c4040020060000001) ;
RUNTEST 1 TCK;
SDR 82 TDI (000c200400040010000043) TDO (000c124040000060000001) ;
RUNTEST 1 TCK;
SDR 82 TDI (000c250080018040000003) TDO (000c200400040010000041) ;
RUNTEST 1 TCK;
SDR 82 TDI (000c280040048050000003) TDO (000c250080018040000001) ;
RUNTEST 1 TCK;
SDR 82 TDI (000c2c0042020041000003) TDO (000c280040048050000001) ;
RUNTEST 1 TCK;
SDR 82 TDI (000c308040000040000003) TDO (000c2c0042020041000001) ;
RUNTEST 1 TCK;
SDR 82 TDI (000c400080000020000003) TDO (000c308040000040000001) ;
RUNTEST 1 TCK;
SDR 82 TDI (000c448080008024000003) TDO (000c400080000020000001) ;
RUNTEST 1 TCK;
SDR 82 TDI (000c488080008034000003) TDO (000c448080008024000001) ;
RUNTEST 1 TCK;
SDR 82 TDI (000c4c4080008030000003) TDO (000c488080008034000001) ;
RUNTEST 1 TCK;
SDR 82 TDI (000c50c080008030000003) TDO (000c4c4080008030000001) ;
RUNTEST 1 TCK;
SDR 82 TDI (000c80800141a002300003) TDO (000c50c080008030000001) ;
RUNTEST 1 TCK;
SDR 82 TDI (000c857400062100000003) TDO (000c80800141a002300001) ;
RUNTEST 1 TCK;
SDR 82 TDI (000c890480029100000003) TDO (000c857400062100000001) ;
RUNTEST 1 TCK;
SDR 82 TDI (000c8c0400c10000000003) TDO (000c890480029100000001) ;
RUNTEST 1 TCK;
SDR 82 TDI (000c900400020000000003) TDO (000c8c0400c10000000001) ;
RUNTEST 1 TCK;
SDR 82 TDI (000ca20000001040344003) TDO (000c900400020000000001) ;
RUNTEST 1 TCK;
SDR 82 TDI (000ca44000001000000003) TDO (000ca20000001040344001) ;
RUNTEST 1 TCK;
SDR 82 TDI (000ca94000010020000003) TDO (000ca44000001000000001) ;
RUNTEST 1 TCK;
SDR 82 TDI (000cac4000001000000003) TDO (000ca94000010020000001) ;
RUNTEST 1 TCK;
SDR 82 TDI (000cb04000800000000003) TDO (000cac4000001000000001) ;
RUNTEST 1 TCK;
SDR 82 TDI (000cc08000000c00280003) TDO (000cb04000800000000001) ;
RUNTEST 1 TCK;
SDR 82 TDI (000cc40000000c10000003) TDO (000cc08000000c00280001) ;
RUNTEST 1 TCK;
SDR 82 TDI (000cc80000004000000003) TDO (000cc40000000c10000001) ;
RUNTEST 1 TCK;
SDR 82 TDI (000ccc0000004000000003) TDO (000cc80000004000000001) ;
RUNTEST 1 TCK;
SDR 82 TDI (000cd00000000000000003) TDO (000ccc0000004000000001) ;
RUNTEST 1 TCK;
SDR 82 TDI (000d010343020303020303) TDO (000cd00000000000000001) ;
RUNTEST 1 TCK;
SDR 82 TDI (000d074343030303220303) TDO (000d010343020303020301) ;
RUNTEST 1 TCK;
SDR 82 TDI (000d0a0343030103020303) TDO (000d074343030303220301) ;
RUNTEST 1 TCK;
SDR 82 TDI (000d0f0343020303020303) TDO (000d0a0343030103020301) ;
RUNTEST 1 TCK;
SDR 82 TDI (000d130343030143020303) TDO (000d0f0343020303020301) ;
RUNTEST 1 TCK;
SDR 82 TDI (000d230303030303020303) TDO (000d130343030143020301) ;
RUNTEST 1 TCK;
SDR 82 TDI (000d254383030103020303) TDO (000d230303030303020301) ;
RUNTEST 1 TCK;
SDR 82 TDI (000d2b4343000303030303) TDO (000d254383030103020301) ;
RUNTEST 1 TCK;
SDR 82 TDI (000d2c4343030143030303) TDO (000d2b4343000303030301) ;
RUNTEST 1 TCK;
SDR 82 TDI (000d304040000040000003) TDO (000d2c4343030143030301) ;
RUNTEST 1 TCK;
SDR 82 TDI (000d404080000040000003) TDO (000d304040000040000001) ;
RUNTEST 1 TCK;
SDR 82 TDI (000d440080000000000083) TDO (000d404080000040000001) ;
RUNTEST 1 TCK;
SDR 82 TDI (000d484080000000000003) TDO (000d440080000000000081) ;
RUNTEST 1 TCK;
SDR 82 TDI (000d4c0080000000000003) TDO (000d484080000000000001) ;
RUNTEST 1 TCK;
SDR 82 TDI (000d500080000000000003) TDO (000d4c0080000000000001) ;
RUNTEST 1 TCK;
SDR 82 TDI (000d800000009c60000003) TDO (000d500080000000000001) ;
RUNTEST 1 TCK;
SDR 82 TDI (000d840080009c60000003) TDO (000d800000009c60000001) ;
RUNTEST 1 TCK;
SDR 82 TDI (000d88400000bc20000003) TDO (000d840080009c60000001) ;
RUNTEST 1 TCK;
SDR 82 TDI (000d8c400000bc20000003) TDO (000d88400000bc20000001) ;
RUNTEST 1 TCK;
SDR 82 TDI (000d90400000bc00000003) TDO (000d8c400000bc20000001) ;
RUNTEST 1 TCK;
SDR 82 TDI (000da04000009000000003) TDO (000d90400000bc00000001) ;
RUNTEST 1 TCK;
SDR 82 TDI (000da4040000b000000003) TDO (000da04000009000000001) ;
RUNTEST 1 TCK;
SDR 82 TDI (000da8040010b400000003) TDO (000da4040000b000000001) ;
RUNTEST 1 TCK;
SDR 82 TDI (000dac0400003400000003) TDO (000da8040010b400000001) ;
RUNTEST 1 TCK;
SDR 82 TDI (000db00400003020000003) TDO (000dac0400003400000001) ;
RUNTEST 1 TCK;
SDR 82 TDI (000dc01000000820000083) TDO (000db00400003020000001) ;
RUNTEST 1 TCK;
SDR 82 TDI (000dc40000008800000003) TDO (000dc01000000820000081) ;
RUNTEST 1 TCK;
SDR 82 TDI (000dc8000000d400000003) TDO (000dc40000008800000001) ;
RUNTEST 1 TCK;
SDR 82 TDI (000dccc80000d400000003) TDO (000dc8000000d400000001) ;
RUNTEST 1 TCK;
SDR 82 TDI (000dd0400000d400000003) TDO (000dccc80000d400000001) ;
RUNTEST 1 TCK;
SDR 82 TDI (000e000000000000000003) TDO (000dd0400000d400000001) ;
RUNTEST 1 TCK;
SDR 82 TDI (000e040000000000000003) TDO (000e000000000000000001) ;
RUNTEST 1 TCK;
SDR 82 TDI (000e080000000000000003) TDO (000e040000000000000001) ;
RUNTEST 1 TCK;
SDR 82 TDI (000e0c0000000000000003) TDO (000e080000000000000001) ;
RUNTEST 1 TCK;
SDR 82 TDI (000e100000000000000003) TDO (000e0c0000000000000001) ;
RUNTEST 1 TCK;
SDR 82 TDI (000e200000000000800003) TDO (000e100000000000000001) ;
RUNTEST 1 TCK;
SDR 82 TDI (000e240000000000000003) TDO (000e200000000000800001) ;
RUNTEST 1 TCK;
SDR 82 TDI (000e280000000000000003) TDO (000e240000000000000001) ;
RUNTEST 1 TCK;
SDR 82 TDI (000e2c0000000000000003) TDO (000e280000000000000001) ;
RUNTEST 1 TCK;
SDR 82 TDI (000e300000000000000003) TDO (000e2c0000000000000001) ;
RUNTEST 1 TCK;
SDR 82 TDI (000e400000000000000003) TDO (000e300000000000000001) ;
RUNTEST 1 TCK;
SDR 82 TDI (000e440000000000000003) TDO (000e400000000000000001) ;
RUNTEST 1 TCK;
SDR 82 TDI (000e480000000000000003) TDO (000e440000000000000001) ;
RUNTEST 1 TCK;
SDR 82 TDI (000e4c0000000000000003) TDO (000e480000000000000001) ;
RUNTEST 1 TCK;
SDR 82 TDI (000e500000000000000003) TDO (000e4c0000000000000001) ;
RUNTEST 1 TCK;
SDR 82 TDI (000e800000000000000003) TDO (000e500000000000000001) ;
RUNTEST 1 TCK;
SDR 82 TDI (000e840000000000000003) TDO (000e800000000000000001) ;
RUNTEST 1 TCK;
SDR 82 TDI (000e880040000000000003) TDO (000e840000000000000001) ;
RUNTEST 1 TCK;
SDR 82 TDI (000e8c0000000000000003) TDO (000e880040000000000001) ;
RUNTEST 1 TCK;
SDR 82 TDI (000e900000000000000003) TDO (000e8c0000000000000001) ;
RUNTEST 1 TCK;
SDR 82 TDI (000ea00000000000000013) TDO (000e900000000000000001) ;
RUNTEST 1 TCK;
SDR 82 TDI (000ea40800004000000013) TDO (000ea00000000000000011) ;
RUNTEST 1 TCK;
SDR 82 TDI (000ea80000000000100003) TDO (000ea40800004000000011) ;
RUNTEST 1 TCK;
SDR 82 TDI (000eac0000000000000003) TDO (000ea80000000000100001) ;
RUNTEST 1 TCK;
SDR 82 TDI (000eb00000000000000003) TDO (000eac0000000000000001) ;
RUNTEST 1 TCK;
SDR 82 TDI (000ec00000000000100003) TDO (000eb00000000000000001) ;
RUNTEST 1 TCK;
SDR 82 TDI (000ec40000000000000003) TDO (000ec00000000000100001) ;
RUNTEST 1 TCK;
SDR 82 TDI (000ec80000000000000003) TDO (000ec40000000000000001) ;
RUNTEST 1 TCK;
SDR 82 TDI (000ecc0080000004000003) TDO (000ec80000000000000001) ;
RUNTEST 1 TCK;
SDR 82 TDI (000ed00000000004000003) TDO (000ecc0080000004000001) ;
RUNTEST 1 TCK;
SDR 82 TDI (000f000040000000000083) TDO (000ed00000000004000001) ;
RUNTEST 1 TCK;
SDR 82 TDI (000f050300030300000003) TDO (000f000040000000000081) ;
RUNTEST 1 TCK;
SDR 82 TDI (000f0a0200020000000003) TDO (000f050300030300000001) ;
RUNTEST 1 TCK;
SDR 82 TDI (000f0c0000000000000003) TDO (000f0a0200020000000001) ;
RUNTEST 1 TCK;
SDR 82 TDI (000f110102030100000003) TDO (000f0c0000000000000001) ;
RUNTEST 1 TCK;
SDR 82 TDI (000f210302030100000083) TDO (000f110102030100000001) ;
RUNTEST 1 TCK;
SDR 82 TDI (000f240080000000000003) TDO (000f210302030100000081) ;
RUNTEST 1 TCK;
SDR 82 TDI (000f290302000002000003) TDO (000f240080000000000001) ;
RUNTEST 1 TCK;
SDR 82 TDI (000f2c2100010001000003) TDO (000f290302000002000001) ;
RUNTEST 1 TCK;
SDR 82 TDI (000f302040200000000003) TDO (000f2c2100010001000001) ;
RUNTEST 1 TCK;
SDR 82 TDI (000f400000000000000003) TDO (000f302040200000000001) ;
RUNTEST 1 TCK;
SDR 82 TDI (000f440080000000000003) TDO (000f400000000000000001) ;
RUNTEST 1 TCK;
SDR 82 TDI (000f480000000000000003) TDO (000f440080000000000001) ;
RUNTEST 1 TCK;
SDR 82 TDI (000f4c0000200000000003) TDO (000f480000000000000001) ;
RUNTEST 1 TCK;
SDR 82 TDI (000f500000100000000003) TDO (000f4c0000200000000001) ;
RUNTEST 1 TCK;
SDR 82 TDI (000f800004000000040003) TDO (000f500000100000000001) ;
RUNTEST 1 TCK;
SDR 82 TDI (000f840000080000800083) TDO (000f800004000000040001) ;
RUNTEST 1 TCK;
SDR 82 TDI (000f880000000000000083) TDO (000f840000080000800081) ;
RUNTEST 1 TCK;
SDR 82 TDI (000f8c0000000000000003) TDO (000f880000000000000081) ;
RUNTEST 1 TCK;
SDR 82 TDI (000f900080000000000003) TDO (000f8c0000000000000001) ;
RUNTEST 1 TCK;
SDR 82 TDI (000fa00040000008480003) TDO (000f900080000000000001) ;
RUNTEST 1 TCK;
SDR 82 TDI (000fa40000000000000083) TDO (000fa00040000008480001) ;
RUNTEST 1 TCK;
SDR 82 TDI (000fa80000000000000083) TDO (000fa40000000000000081) ;
RUNTEST 1 TCK;
SDR 82 TDI (000fac0000000000000003) TDO (000fa80000000000000081) ;
RUNTEST 1 TCK;
SDR 82 TDI (000fb00000000000000003) TDO (000fac0000000000000001) ;
RUNTEST 1 TCK;
SDR 82 TDI (000fc00000000000400043) TDO (000fb00000000000000001) ;
RUNTEST 1 TCK;
SDR 82 TDI (000fc40000000000800043) TDO (000fc00000000000400041) ;
RUNTEST 1 TCK;
SDR 82 TDI (000fc80000000000000003) TDO (000fc40000000000800041) ;
RUNTEST 1 TCK;
SDR 82 TDI (000fcc0000000000000003) TDO (000fc80000000000000001) ;
RUNTEST 1 TCK;
SDR 82 TDI (000fd00000000000000003) TDO (000fcc0000000000000001) ;
RUNTEST 1 TCK;
SDR 82 TDI (0010000004500000000003) TDO (000fd00000000000000001) ;
RUNTEST 1 TCK;
SDR 82 TDI (0010050300030000000003) TDO (0010000004500000000001) ;
RUNTEST 1 TCK;
SDR 82 TDI (0010080000820000000003) TDO (0010050300030000000001) ;
RUNTEST 1 TCK;
SDR 82 TDI (00100c0000000000000003) TDO (0010080000820000000001) ;
RUNTEST 1 TCK;
SDR 82 TDI (0010110180020100000003) TDO (00100c0000000000000001) ;
RUNTEST 1 TCK;
SDR 82 TDI (0010230342030100000003) TDO (0010110180020100000001) ;
RUNTEST 1 TCK;
SDR 82 TDI (0010240080000000000003) TDO (0010230342030100000001) ;
RUNTEST 1 TCK;
SDR 82 TDI (0010290300000102000003) TDO (0010240080000000000001) ;
RUNTEST 1 TCK;
SDR 82 TDI (00102c0100010000000003) TDO (0010290300000102000001) ;
RUNTEST 1 TCK;
SDR 82 TDI (0010300000000000000003) TDO (00102c0100010000000001) ;
RUNTEST 1 TCK;
SDR 82 TDI (0010400000000000000003) TDO (0010300000000000000001) ;
RUNTEST 1 TCK;
SDR 82 TDI (0010440000000000000003) TDO (0010400000000000000001) ;
RUNTEST 1 TCK;
SDR 82 TDI (0010480000080000000003) TDO (0010440000000000000001) ;
RUNTEST 1 TCK;
SDR 82 TDI (00104c0000000000000003) TDO (0010480000080000000001) ;
RUNTEST 1 TCK;
SDR 82 TDI (0010500080000000000003) TDO (00104c0000000000000001) ;
RUNTEST 1 TCK;
SDR 82 TDI (0010810202024303020303) TDO (0010500080000000000001) ;
RUNTEST 1 TCK;
SDR 82 TDI (0010868000504303020203) TDO (0010810202024303020301) ;
RUNTEST 1 TCK;
SDR 82 TDI (00108a8301014103000303) TDO (0010868000504303020201) ;
RUNTEST 1 TCK;
SDR 82 TDI (00108f8100024303000303) TDO (00108a8301014103000301) ;
RUNTEST 1 TCK;
SDR 82 TDI (0010928042014003000303) TDO (00108f8100024303000301) ;
RUNTEST 1 TCK;
SDR 82 TDI (0010a08000000203000303) TDO (0010928042014003000301) ;
RUNTEST 1 TCK;
SDR 82 TDI (0010a58100030103000303) TDO (0010a08000000203000301) ;
RUNTEST 1 TCK;
SDR 82 TDI (0010aa0001004201010303) TDO (0010a58100030103000301) ;
RUNTEST 1 TCK;
SDR 82 TDI (0010ac0000024103030303) TDO (0010aa0001004201010301) ;
RUNTEST 1 TCK;
SDR 82 TDI (0010b00000004000000003) TDO (0010ac0000024103030301) ;
RUNTEST 1 TCK;
SDR 82 TDI (0010c00000084000000003) TDO (0010b00000004000000001) ;
RUNTEST 1 TCK;
SDR 82 TDI (0010c40000000000000003) TDO (0010c00000084000000001) ;
RUNTEST 1 TCK;
SDR 82 TDI (0010c80000000000000003) TDO (0010c40000000000000001) ;
RUNTEST 1 TCK;
SDR 82 TDI (0010cc0000000004000003) TDO (0010c80000000000000001) ;
RUNTEST 1 TCK;
SDR 82 TDI (0010d00000000004000003) TDO (0010cc0000000004000001) ;
RUNTEST 1 TCK;
SDR 82 TDI (0011000101000000000003) TDO (0010d00000000004000001) ;
RUNTEST 1 TCK;
SDR 82 TDI (0011040002000000000003) TDO (0011000101000000000001) ;
RUNTEST 1 TCK;
SDR 82 TDI (0011080002000000000003) TDO (0011040002000000000001) ;
RUNTEST 1 TCK;
SDR 82 TDI (00110c0201000000020003) TDO (0011080002000000000001) ;
RUNTEST 1 TCK;
SDR 82 TDI (0011100281000000020003) TDO (00110c0201000000020001) ;
RUNTEST 1 TCK;
SDR 82 TDI (0011200040000000020003) TDO (0011100281000000020001) ;
RUNTEST 1 TCK;
SDR 82 TDI (0011240200000000020003) TDO (0011200040000000020001) ;
RUNTEST 1 TCK;
SDR 82 TDI (0011280002000000020003) TDO (0011240200000000020001) ;
RUNTEST 1 TCK;
SDR 82 TDI (00112c0203000000000003) TDO (0011280002000000020001) ;
RUNTEST 1 TCK;
SDR 82 TDI (0011300000000000000003) TDO (00112c0203000000000001) ;
RUNTEST 1 TCK;
SDR 82 TDI (0011400000000000000003) TDO (0011300000000000000001) ;
RUNTEST 1 TCK;
SDR 82 TDI (0011442000000000000003) TDO (0011400000000000000001) ;
RUNTEST 1 TCK;
SDR 82 TDI (0011480000000000000003) TDO (0011442000000000000001) ;
RUNTEST 1 TCK;
SDR 82 TDI (00114c0000000000000003) TDO (0011480000000000000001) ;
RUNTEST 1 TCK;
SDR 82 TDI (0011500000000000000003) TDO (00114c0000000000000001) ;
RUNTEST 1 TCK;
SDR 82 TDI (0011800200040000040203) TDO (0011500000000000000001) ;
RUNTEST 1 TCK;
SDR 82 TDI (0011840003000000800103) TDO (0011800200040000040201) ;
RUNTEST 1 TCK;
SDR 82 TDI (0011880202000000020003) TDO (0011840003000000800101) ;
RUNTEST 1 TCK;
SDR 82 TDI (00118c0002000000880003) TDO (0011880202000000020001) ;
RUNTEST 1 TCK;
SDR 82 TDI (0011900200010000000003) TDO (00118c0002000000880001) ;
RUNTEST 1 TCK;
SDR 82 TDI (0011a00001000020082003) TDO (0011900200010000000001) ;
RUNTEST 1 TCK;
SDR 82 TDI (0011a40003880000000003) TDO (0011a00001000020082001) ;
RUNTEST 1 TCK;
SDR 82 TDI (0011a80042000000010003) TDO (0011a40003880000000001) ;
RUNTEST 1 TCK;
SDR 82 TDI (0011ac2001800000480103) TDO (0011a80042000000010001) ;
RUNTEST 1 TCK;
SDR 82 TDI (0011b02000000000000003) TDO (0011ac2001800000480101) ;
RUNTEST 1 TCK;
SDR 82 TDI (0011c00000000000000003) TDO (0011b02000000000000001) ;
RUNTEST 1 TCK;
SDR 82 TDI (0011c40000002000800003) TDO (0011c00000000000000001) ;
RUNTEST 1 TCK;
SDR 82 TDI (0011c80000000000000003) TDO (0011c40000002000800001) ;
RUNTEST 1 TCK;
SDR 82 TDI (0011cc0000000000c00003) TDO (0011c80000000000000001) ;
RUNTEST 1 TCK;
SDR 82 TDI (0011d00000000000000003) TDO (0011cc0000000000c00001) ;
RUNTEST 1 TCK;
SDR 82 TDI (0012000000000000000003) TDO (0011d00000000000000001) ;
RUNTEST 1 TCK;
SDR 82 TDI (0012040000000000000003) TDO (0012000000000000000001) ;
RUNTEST 1 TCK;
SDR 82 TDI (0012080000000010000003) TDO (0012040000000000000001) ;
RUNTEST 1 TCK;
SDR 82 TDI (00120c0000000000000003) TDO (0012080000000010000001) ;
RUNTEST 1 TCK;
SDR 82 TDI (0012100000000000000003) TDO (00120c0000000000000001) ;
RUNTEST 1 TCK;
SDR 82 TDI (0012200000006000000003) TDO (0012100000000000000001) ;
RUNTEST 1 TCK;
SDR 82 TDI (0012240000000000000003) TDO (0012200000006000000001) ;
RUNTEST 1 TCK;
SDR 82 TDI (0012280000000000000003) TDO (0012240000000000000001) ;
RUNTEST 1 TCK;
SDR 82 TDI (00122c0000000000000003) TDO (0012280000000000000001) ;
RUNTEST 1 TCK;
SDR 82 TDI (0012300000000000000003) TDO (00122c0000000000000001) ;
RUNTEST 1 TCK;
SDR 82 TDI (0012400000007000000003) TDO (0012300000000000000001) ;
RUNTEST 1 TCK;
SDR 82 TDI (0012440400000000000003) TDO (0012400000007000000001) ;
RUNTEST 1 TCK;
SDR 82 TDI (0012480000000000000003) TDO (0012440400000000000001) ;
RUNTEST 1 TCK;
SDR 82 TDI (00124c0000000000000003) TDO (0012480000000000000001) ;
RUNTEST 1 TCK;
SDR 82 TDI (0012500000000000000003) TDO (00124c0000000000000001) ;
RUNTEST 1 TCK;
SDR 82 TDI (0012800000000002000003) TDO (0012500000000000000001) ;
RUNTEST 1 TCK;
SDR 82 TDI (0012840000000002000003) TDO (0012800000000002000001) ;
RUNTEST 1 TCK;
SDR 82 TDI (0012880001000003000003) TDO (0012840000000002000001) ;
RUNTEST 1 TCK;
SDR 82 TDI (00128c0000000003000003) TDO (0012880001000003000001) ;
RUNTEST 1 TCK;
SDR 82 TDI (0012900000000003000203) TDO (00128c0000000003000001) ;
RUNTEST 1 TCK;
SDR 82 TDI (0012a01000000003000003) TDO (0012900000000003000201) ;
RUNTEST 1 TCK;
SDR 82 TDI (0012a40000004103000003) TDO (0012a01000000003000001) ;
RUNTEST 1 TCK;
SDR 82 TDI (0012a80000000001000003) TDO (0012a40000004103000001) ;
RUNTEST 1 TCK;
SDR 82 TDI (0012ac0000000002000203) TDO (0012a80000000001000001) ;
RUNTEST 1 TCK;
SDR 82 TDI (0012b00000000000000003) TDO (0012ac0000000002000201) ;
RUNTEST 1 TCK;
SDR 82 TDI (0012c00c00000000000083) TDO (0012b00000000000000001) ;
RUNTEST 1 TCK;
SDR 82 TDI (0012c40000007000000003) TDO (0012c00c00000000000081) ;
RUNTEST 1 TCK;
SDR 82 TDI (0012c80000002000000003) TDO (0012c40000007000000001) ;
RUNTEST 1 TCK;
SDR 82 TDI (0012cc0000000000000003) TDO (0012c80000002000000001) ;
RUNTEST 1 TCK;
SDR 82 TDI (0012d00000000000000003) TDO (0012cc0000000000000001) ;
RUNTEST 1 TCK;
SDR 82 TDI (0013000000000084000003) TDO (0012d00000000000000001) ;
RUNTEST 1 TCK;
SDR 82 TDI (0013040000000084000003) TDO (0013000000000084000001) ;
RUNTEST 1 TCK;
SDR 82 TDI (0013080000000080000003) TDO (0013040000000084000001) ;
RUNTEST 1 TCK;
SDR 82 TDI (00130c0000000084000003) TDO (0013080000000080000001) ;
RUNTEST 1 TCK;
SDR 82 TDI (0013100000000084000003) TDO (00130c0000000084000001) ;
RUNTEST 1 TCK;
SDR 82 TDI (0013200000000080000003) TDO (0013100000000084000001) ;
RUNTEST 1 TCK;
SDR 82 TDI (0013248000000080000003) TDO (0013200000000080000001) ;
RUNTEST 1 TCK;
SDR 82 TDI (0013280000000080000003) TDO (0013248000000080000001) ;
RUNTEST 1 TCK;
SDR 82 TDI (00132c0000000080000003) TDO (0013280000000080000001) ;
RUNTEST 1 TCK;
SDR 82 TDI (0013300000000084000003) TDO (00132c0000000080000001) ;
RUNTEST 1 TCK;
SDR 82 TDI (0013400000000080000003) TDO (0013300000000084000001) ;
RUNTEST 1 TCK;
SDR 82 TDI (0013440000000080000003) TDO (0013400000000080000001) ;
RUNTEST 1 TCK;
SDR 82 TDI (0013480000000040000003) TDO (0013440000000080000001) ;
RUNTEST 1 TCK;
SDR 82 TDI (00134c00000000c0000003) TDO (0013480000000040000001) ;
RUNTEST 1 TCK;
SDR 82 TDI (00135000000000c0000003) TDO (00134c00000000c0000001) ;
RUNTEST 1 TCK;
SDR 82 TDI (0013810000000002000003) TDO (00135000000000c0000001) ;
RUNTEST 1 TCK;
SDR 82 TDI (0013840001000202000003) TDO (0013810000000002000001) ;
RUNTEST 1 TCK;
SDR 82 TDI (00138a0000000103000003) TDO (0013840001000202000001) ;
RUNTEST 1 TCK;
SDR 82 TDI (00138d0002000203000003) TDO (00138a0000000103000001) ;
RUNTEST 1 TCK;
SDR 82 TDI (0013920200000001000003) TDO (00138d0002000203000001) ;
RUNTEST 1 TCK;
SDR 82 TDI (0013a00001000001000003) TDO (0013920200000001000001) ;
RUNTEST 1 TCK;
SDR 82 TDI (0013a40005010003000203) TDO (0013a00001000001000001) ;
RUNTEST 1 TCK;
SDR 82 TDI (0013a80000000001000203) TDO (0013a40005010003000201) ;
RUNTEST 1 TCK;
SDR 82 TDI (0013ac0000020002000003) TDO (0013a80000000001000201) ;
RUNTEST 1 TCK;
SDR 82 TDI (0013b00000000000000003) TDO (0013ac0000020002000001) ;
RUNTEST 1 TCK;
SDR 82 TDI (0013c00000000000000003) TDO (0013b00000000000000001) ;
RUNTEST 1 TCK;
SDR 82 TDI (0013c40000000000000003) TDO (0013c00000000000000001) ;
RUNTEST 1 TCK;
SDR 82 TDI (0013c80000000000000003) TDO (0013c40000000000000001) ;
RUNTEST 1 TCK;
SDR 82 TDI (0013cc0000000000000003) TDO (0013c80000000000000001) ;
RUNTEST 1 TCK;
SDR 82 TDI (0013d00000000000000003) TDO (0013cc0000000000000001) ;
RUNTEST 1 TCK;
SDR 82 TDI (0014000000000000000003) TDO (0013d00000000000000001) ;
RUNTEST 1 TCK;
SDR 82 TDI (0014040000000000000003) TDO (0014000000000000000001) ;
RUNTEST 1 TCK;
SDR 82 TDI (0014080000000000000003) TDO (0014040000000000000001) ;
RUNTEST 1 TCK;
SDR 82 TDI (00140c0000000000000003) TDO (0014080000000000000001) ;
RUNTEST 1 TCK;
SDR 82 TDI (0014100000000000000003) TDO (00140c0000000000000001) ;
RUNTEST 1 TCK;
SDR 82 TDI (0014200000000000000003) TDO (0014100000000000000001) ;
RUNTEST 1 TCK;
SDR 82 TDI (0014240000000000000003) TDO (0014200000000000000001) ;
RUNTEST 1 TCK;
SDR 82 TDI (0014280000000000000003) TDO (0014240000000000000001) ;
RUNTEST 1 TCK;
SDR 82 TDI (00142c0000000000000003) TDO (0014280000000000000001) ;
RUNTEST 1 TCK;
SDR 82 TDI (0014300000000000000003) TDO (00142c0000000000000001) ;
RUNTEST 1 TCK;
SDR 82 TDI (0014400000000000000003) TDO (0014300000000000000001) ;
RUNTEST 1 TCK;
SDR 82 TDI (0014440000000000000023) TDO (0014400000000000000001) ;
RUNTEST 1 TCK;
SDR 82 TDI (0014480000000000000003) TDO (0014440000000000000021) ;
RUNTEST 1 TCK;
SDR 82 TDI (00144c0000000000000003) TDO (0014480000000000000001) ;
RUNTEST 1 TCK;
SDR 82 TDI (0014500000000000000003) TDO (00144c0000000000000001) ;
RUNTEST 1 TCK;
SDR 82 TDI (0014800000000000000003) TDO (0014500000000000000001) ;
RUNTEST 1 TCK;
SDR 82 TDI (0014840000000000000003) TDO (0014800000000000000001) ;
RUNTEST 1 TCK;
SDR 82 TDI (0014880000000000000003) TDO (0014840000000000000001) ;
RUNTEST 1 TCK;
SDR 82 TDI (00148c0000000000000003) TDO (0014880000000000000001) ;
RUNTEST 1 TCK;
SDR 82 TDI (0014900000000000000003) TDO (00148c0000000000000001) ;
RUNTEST 1 TCK;
SDR 82 TDI (0014a00000000000000003) TDO (0014900000000000000001) ;
RUNTEST 1 TCK;
SDR 82 TDI (0014a40000000000000003) TDO (0014a00000000000000001) ;
RUNTEST 1 TCK;
SDR 82 TDI (0014a80000000000000083) TDO (0014a40000000000000001) ;
RUNTEST 1 TCK;
SDR 82 TDI (0014ac0000000000000003) TDO (0014a80000000000000081) ;
RUNTEST 1 TCK;
SDR 82 TDI (0014b00000000000000003) TDO (0014ac0000000000000001) ;
RUNTEST 1 TCK;
SDR 82 TDI (0014c00000000000000003) TDO (0014b00000000000000001) ;
RUNTEST 1 TCK;
SDR 82 TDI (0014c40000000000000003) TDO (0014c00000000000000001) ;
RUNTEST 1 TCK;
SDR 82 TDI (0014c80000000000000003) TDO (0014c40000000000000001) ;
RUNTEST 1 TCK;
SDR 82 TDI (0014cc0000000000000003) TDO (0014c80000000000000001) ;
RUNTEST 1 TCK;
SDR 82 TDI (0014d00000000000000003) TDO (0014cc0000000000000001) ;
RUNTEST 1 TCK;
SDR 82 TDI (0015000000000000000003) TDO (0014d00000000000000001) ;
RUNTEST 1 TCK;
SDR 82 TDI (0015040000000100000003) TDO (0015000000000000000001) ;
RUNTEST 1 TCK;
SDR 82 TDI (0015080000000800000003) TDO (0015040000000100000001) ;
RUNTEST 1 TCK;
SDR 82 TDI (00150c0001000000000003) TDO (0015080000000800000001) ;
RUNTEST 1 TCK;
SDR 82 TDI (0015100002000000000003) TDO (00150c0001000000000001) ;
RUNTEST 1 TCK;
SDR 82 TDI (0015200000000000000003) TDO (0015100002000000000001) ;
RUNTEST 1 TCK;
SDR 82 TDI (0015240000000000000003) TDO (0015200000000000000001) ;
RUNTEST 1 TCK;
SDR 82 TDI (0015280000000000000003) TDO (0015240000000000000001) ;
RUNTEST 1 TCK;
SDR 82 TDI (00152c0000002000000003) TDO (0015280000000000000001) ;
RUNTEST 1 TCK;
SDR 82 TDI (0015300000000000000003) TDO (00152c0000002000000001) ;
RUNTEST 1 TCK;
SDR 82 TDI (0015400000000000000003) TDO (0015300000000000000001) ;
RUNTEST 1 TCK;
SDR 82 TDI (0015440000000000000003) TDO (0015400000000000000001) ;
RUNTEST 1 TCK;
SDR 82 TDI (0015480000000000000003) TDO (0015440000000000000001) ;
RUNTEST 1 TCK;
SDR 82 TDI (00154c0000000000000003) TDO (0015480000000000000001) ;
RUNTEST 1 TCK;
SDR 82 TDI (0015500000000000000003) TDO (00154c0000000000000001) ;
RUNTEST 1 TCK;
SDR 82 TDI (0015804000004000000003) TDO (0015500000000000000001) ;
RUNTEST 1 TCK;
SDR 82 TDI (0015840000004000200003) TDO (0015804000004000000001) ;
RUNTEST 1 TCK;
SDR 82 TDI (0015880000004000000003) TDO (0015840000004000200001) ;
RUNTEST 1 TCK;
SDR 82 TDI (00158c0000004400000003) TDO (0015880000004000000001) ;
RUNTEST 1 TCK;
SDR 82 TDI (001590000000c400000003) TDO (00158c0000004400000001) ;
RUNTEST 1 TCK;
SDR 82 TDI (0015a00000002000000003) TDO (001590000000c400000001) ;
RUNTEST 1 TCK;
SDR 82 TDI (0015a40000001000000003) TDO (0015a00000002000000001) ;
RUNTEST 1 TCK;
SDR 82 TDI (0015a80000005000000003) TDO (0015a40000001000000001) ;
RUNTEST 1 TCK;
SDR 82 TDI (0015ac0000005000000003) TDO (0015a80000005000000001) ;
RUNTEST 1 TCK;
SDR 82 TDI (0015b00000005000000003) TDO (0015ac0000005000000001) ;
RUNTEST 1 TCK;
SDR 82 TDI (0015c00000000000000003) TDO (0015b00000005000000001) ;
RUNTEST 1 TCK;
SDR 82 TDI (0015c40400000000000003) TDO (0015c00000000000000001) ;
RUNTEST 1 TCK;
SDR 82 TDI (0015c80000004000000003) TDO (0015c40400000000000001) ;
RUNTEST 1 TCK;
SDR 82 TDI (0015cc0000004000000003) TDO (0015c80000004000000001) ;
RUNTEST 1 TCK;
SDR 82 TDI (0015d00000004000000003) TDO (0015cc0000004000000001) ;
RUNTEST 1 TCK;
SDR 82 TDI (0016000000000000000003) TDO (0015d00000004000000001) ;
RUNTEST 1 TCK;
SDR 82 TDI (0016050300020000000003) TDO (0016000000000000000001) ;
RUNTEST 1 TCK;
SDR 82 TDI (0016080200020000000003) TDO (0016050300020000000001) ;
RUNTEST 1 TCK;
SDR 82 TDI (00160c0000004000000003) TDO (0016080200020000000001) ;
RUNTEST 1 TCK;
SDR 82 TDI (0016110102034100000003) TDO (00160c0000004000000001) ;
RUNTEST 1 TCK;
SDR 82 TDI (0016200300020000000003) TDO (0016110102034100000001) ;
RUNTEST 1 TCK;
SDR 82 TDI (0016240000000000000003) TDO (0016200300020000000001) ;
RUNTEST 1 TCK;
SDR 82 TDI (0016280302000000000003) TDO (0016240000000000000001) ;
RUNTEST 1 TCK;
SDR 82 TDI (00162c0100014000000003) TDO (0016280302000000000001) ;
RUNTEST 1 TCK;
SDR 82 TDI (0016300000004000000003) TDO (00162c0100014000000001) ;
RUNTEST 1 TCK;
SDR 82 TDI (0016400000000000000003) TDO (0016300000004000000001) ;
RUNTEST 1 TCK;
SDR 82 TDI (0016440000000000000003) TDO (0016400000000000000001) ;
RUNTEST 1 TCK;
SDR 82 TDI (0016480000000000000003) TDO (0016440000000000000001) ;
RUNTEST 1 TCK;
SDR 82 TDI (00164c0000000000000003) TDO (0016480000000000000001) ;
RUNTEST 1 TCK;
SDR 82 TDI (0016500000000000000003) TDO (00164c0000000000000001) ;
RUNTEST 1 TCK;
SDR 82 TDI (0016830303034303020303) TDO (0016500000000000000001) ;
RUNTEST 1 TCK;
SDR 82 TDI (0016870303034303020303) TDO (0016830303034303020301) ;
RUNTEST 1 TCK;
SDR 82 TDI (00168b0303034302020303) TDO (0016870303034303020301) ;
RUNTEST 1 TCK;
SDR 82 TDI (00168f0303030303020303) TDO (00168b0303034302020301) ;
RUNTEST 1 TCK;
SDR 82 TDI (0016930303030303020303) TDO (00168f0303030303020301) ;
RUNTEST 1 TCK;
SDR 82 TDI (0016a30303030303020303) TDO (0016930303030303020301) ;
RUNTEST 1 TCK;
SDR 82 TDI (0016a70303030303020303) TDO (0016a30303030303020301) ;
RUNTEST 1 TCK;
SDR 82 TDI (0016ab0303034303030303) TDO (0016a70303030303020301) ;
RUNTEST 1 TCK;
SDR 82 TDI (0016af0303030303030303) TDO (0016ab0303034303030301) ;
RUNTEST 1 TCK;
SDR 82 TDI (0016b00000000000000003) TDO (0016af0303030303030301) ;
RUNTEST 1 TCK;
SDR 82 TDI (0016c00000002000000003) TDO (0016b00000000000000001) ;
RUNTEST 1 TCK;
SDR 82 TDI (0016c40000000000000003) TDO (0016c00000002000000001) ;
RUNTEST 1 TCK;
SDR 82 TDI (0016c80000000000000003) TDO (0016c40000000000000001) ;
RUNTEST 1 TCK;
SDR 82 TDI (0016cc0000000000000003) TDO (0016c80000000000000001) ;
RUNTEST 1 TCK;
SDR 82 TDI (0016d00000000000000003) TDO (0016cc0000000000000001) ;
RUNTEST 1 TCK;
SDR 82 TDI (0017034003034b02000203) TDO (0016d00000000000000001) ;
RUNTEST 1 TCK;
SDR 82 TDI (0017078f03034b00000203) TDO (0017034003034b02000201) ;
RUNTEST 1 TCK;
SDR 82 TDI (00170b4a02034b00000203) TDO (0017078f03034b00000201) ;
RUNTEST 1 TCK;
SDR 82 TDI (00170f8203034f00000203) TDO (00170b4a02034b00000201) ;
RUNTEST 1 TCK;
SDR 82 TDI (001713030303ee00000003) TDO (00170f8203034f00000201) ;
RUNTEST 1 TCK;
SDR 82 TDI (0017230101030300000203) TDO (001713030303ee00000001) ;
RUNTEST 1 TCK;
SDR 82 TDI (0017274e03033702000203) TDO (0017230101030300000201) ;
RUNTEST 1 TCK;
SDR 82 TDI (00172b0303837701000303) TDO (0017274e03033702000201) ;
RUNTEST 1 TCK;
SDR 82 TDI (00172f0303037703000303) TDO (00172b0303837701000301) ;
RUNTEST 1 TCK;
SDR 82 TDI (0017300000007000000003) TDO (00172f0303037703000301) ;
RUNTEST 1 TCK;
SDR 82 TDI (0017400000000000000003) TDO (0017300000007000000001) ;
RUNTEST 1 TCK;
SDR 82 TDI (0017448000000000000003) TDO (0017400000000000000001) ;
RUNTEST 1 TCK;
SDR 82 TDI (0017480000805000000003) TDO (0017448000000000000001) ;
RUNTEST 1 TCK;
SDR 82 TDI (00174c0000005000000003) TDO (0017480000805000000001) ;
RUNTEST 1 TCK;
SDR 82 TDI (0017500000005400000003) TDO (00174c0000005000000001) ;
RUNTEST 1 TCK;
SDR 82 TDI (0017830002039700000003) TDO (0017500000005400000001) ;
RUNTEST 1 TCK;
SDR 82 TDI (0017870003039300000003) TDO (0017830002039700000001) ;
RUNTEST 1 TCK;
SDR 82 TDI (00178a0002039300000003) TDO (0017870003039300000001) ;
RUNTEST 1 TCK;
SDR 82 TDI (00178f1202039300000003) TDO (00178a0002039300000001) ;
RUNTEST 1 TCK;
SDR 82 TDI (0017921200031200000003) TDO (00178f1202039300000001) ;
RUNTEST 1 TCK;
SDR 82 TDI (0017a32001029300000003) TDO (0017921200031200000001) ;
RUNTEST 1 TCK;
SDR 82 TDI (0017a73203030300000203) TDO (0017a32001029300000001) ;
RUNTEST 1 TCK;
SDR 82 TDI (0017ab9003030301000203) TDO (0017a73203030300000201) ;
RUNTEST 1 TCK;
SDR 82 TDI (0017af9203030301000003) TDO (0017ab9003030301000201) ;
RUNTEST 1 TCK;
SDR 82 TDI (0017b00000000000000003) TDO (0017af9203030301000001) ;
RUNTEST 1 TCK;
SDR 82 TDI (0017c04040000800000003) TDO (0017b00000000000000001) ;
RUNTEST 1 TCK;
SDR 82 TDI (0017c41000008800000003) TDO (0017c04040000800000001) ;
RUNTEST 1 TCK;
SDR 82 TDI (0017c85000008000000003) TDO (0017c41000008800000001) ;
RUNTEST 1 TCK;
SDR 82 TDI (0017cc1000000000000003) TDO (0017c85000008000000001) ;
RUNTEST 1 TCK;
SDR 82 TDI (0017d03800000000000003) TDO (0017cc1000000000000001) ;
RUNTEST 1 TCK;
SDR 82 TDI (0018030802030302000003) TDO (0017d03800000000000001) ;
RUNTEST 1 TCK;
SDR 82 TDI (0018070002030302000003) TDO (0018030802030302000001) ;
RUNTEST 1 TCK;
SDR 82 TDI (00180a0203010303000003) TDO (0018070002030302000001) ;
RUNTEST 1 TCK;
SDR 82 TDI (00180e0202032203000003) TDO (00180a0203010303000001) ;
RUNTEST 1 TCK;
SDR 82 TDI (001812c600030203000203) TDO (00180e0202032203000001) ;
RUNTEST 1 TCK;
SDR 82 TDI (0018230000020203000003) TDO (001812c600030203000201) ;
RUNTEST 1 TCK;
SDR 82 TDI (0018270202030303100003) TDO (0018230000020203000001) ;
RUNTEST 1 TCK;
SDR 82 TDI (00182b2003010301000003) TDO (0018270202030303100001) ;
RUNTEST 1 TCK;
SDR 82 TDI (00182f0203030303000203) TDO (00182b2003010301000001) ;
RUNTEST 1 TCK;
SDR 82 TDI (0018304400000000000003) TDO (00182f0203030303000201) ;
RUNTEST 1 TCK;
SDR 82 TDI (0018402000008000000003) TDO (0018304400000000000001) ;
RUNTEST 1 TCK;
SDR 82 TDI (0018440000000000000003) TDO (0018402000008000000001) ;
RUNTEST 1 TCK;
SDR 82 TDI (0018480000000000000003) TDO (0018440000000000000001) ;
RUNTEST 1 TCK;
SDR 82 TDI (00184c0000000400000003) TDO (0018480000000000000001) ;
RUNTEST 1 TCK;
SDR 82 TDI (0018508000000000000003) TDO (00184c0000000400000001) ;
RUNTEST 1 TCK;
SDR 82 TDI (0018830000030700000003) TDO (0018508000000000000001) ;
RUNTEST 1 TCK;
SDR 82 TDI (0018870002021700000003) TDO (0018830000030700000001) ;
RUNTEST 1 TCK;
SDR 82 TDI (00188a080001c700000003) TDO (0018870002021700000001) ;
RUNTEST 1 TCK;
SDR 82 TDI (00188e0200038200000003) TDO (00188a080001c700000001) ;
RUNTEST 1 TCK;
SDR 82 TDI (0018921200031600000003) TDO (00188e0200038200000001) ;
RUNTEST 1 TCK;
SDR 82 TDI (0018a30020021200800003) TDO (0018921200031600000001) ;
RUNTEST 1 TCK;
SDR 82 TDI (0018a72200030200000003) TDO (0018a30020021200800001) ;
RUNTEST 1 TCK;
SDR 82 TDI (0018aa1002014300100003) TDO (0018a72200030200000001) ;
RUNTEST 1 TCK;
SDR 82 TDI (0018af9203035301000003) TDO (0018aa1002014300100001) ;
RUNTEST 1 TCK;
SDR 82 TDI (0018b02000005000000003) TDO (0018af9203035301000001) ;
RUNTEST 1 TCK;
SDR 82 TDI (0018c00000000000004003) TDO (0018b02000005000000001) ;
RUNTEST 1 TCK;
SDR 82 TDI (0018c40000000800000003) TDO (0018c00000000000004001) ;
RUNTEST 1 TCK;
SDR 82 TDI (0018c85000008000100003) TDO (0018c40000000800000001) ;
RUNTEST 1 TCK;
SDR 82 TDI (0018cc0000004000000003) TDO (0018c85000008000100001) ;
RUNTEST 1 TCK;
SDR 82 TDI (0018d0100000c000100003) TDO (0018cc0000004000000001) ;
RUNTEST 1 TCK;
SDR 82 TDI (0019010001000301000203) TDO (0018d0100000c000100001) ;
RUNTEST 1 TCK;
SDR 82 TDI (0019050103010200000003) TDO (0019010001000301000201) ;
RUNTEST 1 TCK;
SDR 82 TDI (0019090100010200000003) TDO (0019050103010200000001) ;
RUNTEST 1 TCK;
SDR 82 TDI (00190e0000000000000003) TDO (0019090100010200000001) ;
RUNTEST 1 TCK;
SDR 82 TDI (0019110101000301020203) TDO (00190e0000000000000001) ;
RUNTEST 1 TCK;
SDR 82 TDI (0019200000000000000003) TDO (0019110101000301020201) ;
RUNTEST 1 TCK;
SDR 82 TDI (0019240000000000000003) TDO (0019200000000000000001) ;
RUNTEST 1 TCK;
SDR 82 TDI (0019280000000000000003) TDO (0019240000000000000001) ;
RUNTEST 1 TCK;
SDR 82 TDI (00192c0000000000000003) TDO (0019280000000000000001) ;
RUNTEST 1 TCK;
SDR 82 TDI (0019300000000000000003) TDO (00192c0000000000000001) ;
RUNTEST 1 TCK;
SDR 82 TDI (0019400000000000000003) TDO (0019300000000000000001) ;
RUNTEST 1 TCK;
SDR 82 TDI (0019440000000000000003) TDO (0019400000000000000001) ;
RUNTEST 1 TCK;
SDR 82 TDI (0019480000000000000003) TDO (0019440000000000000001) ;
RUNTEST 1 TCK;
SDR 82 TDI (00194c0000000000000003) TDO (0019480000000000000001) ;
RUNTEST 1 TCK;
SDR 82 TDI (0019500000000000000003) TDO (00194c0000000000000001) ;
RUNTEST 1 TCK;
SDR 82 TDI (0019820100030302000003) TDO (0019500000000000000001) ;
RUNTEST 1 TCK;
SDR 82 TDI (0019860002020202000003) TDO (0019820100030302000001) ;
RUNTEST 1 TCK;
SDR 82 TDI (00198a0102030202000203) TDO (0019860002020202000001) ;
RUNTEST 1 TCK;
SDR 82 TDI (00198c0000000000000003) TDO (00198a0102030202000201) ;
RUNTEST 1 TCK;
SDR 82 TDI (0019900103000100000203) TDO (00198c0000000000000001) ;
RUNTEST 1 TCK;
SDR 82 TDI (0019a00000000000000003) TDO (0019900103000100000201) ;
RUNTEST 1 TCK;
SDR 82 TDI (0019a40000000000000003) TDO (0019a00000000000000001) ;
RUNTEST 1 TCK;
SDR 82 TDI (0019a80000000000000003) TDO (0019a40000000000000001) ;
RUNTEST 1 TCK;
SDR 82 TDI (0019ac0000000000000003) TDO (0019a80000000000000001) ;
RUNTEST 1 TCK;
SDR 82 TDI (0019b00000000000000003) TDO (0019ac0000000000000001) ;
RUNTEST 1 TCK;
SDR 82 TDI (0019c00000000000000003) TDO (0019b00000000000000001) ;
RUNTEST 1 TCK;
SDR 82 TDI (0019c40000000000000003) TDO (0019c00000000000000001) ;
RUNTEST 1 TCK;
SDR 82 TDI (0019c80000000000000003) TDO (0019c40000000000000001) ;
RUNTEST 1 TCK;
SDR 82 TDI (0019cc0000000000000003) TDO (0019c80000000000000001) ;
RUNTEST 1 TCK;
SDR 82 TDI (0019d00000000000000003) TDO (0019cc0000000000000001) ;
RUNTEST 1 TCK;
SDR 82 TDI (001a000000000100000103) TDO (0019d00000000000000001) ;
RUNTEST 1 TCK;
SDR 82 TDI (001a050001000000010003) TDO (001a000000000100000101) ;
RUNTEST 1 TCK;
SDR 82 TDI (001a090101010100000103) TDO (001a050001000000010001) ;
RUNTEST 1 TCK;
SDR 82 TDI (001a0e0002000000000003) TDO (001a090101010100000101) ;
RUNTEST 1 TCK;
SDR 82 TDI (001a100001000101010103) TDO (001a0e0002000000000001) ;
RUNTEST 1 TCK;
SDR 82 TDI (001a200000000000000003) TDO (001a100001000101010101) ;
RUNTEST 1 TCK;
SDR 82 TDI (001a240000000000000003) TDO (001a200000000000000001) ;
RUNTEST 1 TCK;
SDR 82 TDI (001a280000000000000003) TDO (001a240000000000000001) ;
RUNTEST 1 TCK;
SDR 82 TDI (001a2c0000000000000003) TDO (001a280000000000000001) ;
RUNTEST 1 TCK;
SDR 82 TDI (001a300000000000000003) TDO (001a2c0000000000000001) ;
RUNTEST 1 TCK;
SDR 82 TDI (001a400000000000000003) TDO (001a300000000000000001) ;
RUNTEST 1 TCK;
SDR 82 TDI (001a440000000000000003) TDO (001a400000000000000001) ;
RUNTEST 1 TCK;
SDR 82 TDI (001a480000000000000003) TDO (001a440000000000000001) ;
RUNTEST 1 TCK;
SDR 82 TDI (001a4c0000000000000003) TDO (001a480000000000000001) ;
RUNTEST 1 TCK;
SDR 82 TDI (001a500000000000000003) TDO (001a4c0000000000000001) ;
RUNTEST 1 TCK;
SDR 82 TDI (001a810200010101000003) TDO (001a500000000000000001) ;
RUNTEST 1 TCK;
SDR 82 TDI (001a870300020302000003) TDO (001a810200010101000001) ;
RUNTEST 1 TCK;
SDR 82 TDI (001a8b0100010302000003) TDO (001a870300020302000001) ;
RUNTEST 1 TCK;
SDR 82 TDI (001a8c0000000000000003) TDO (001a8b0100010302000001) ;
RUNTEST 1 TCK;
SDR 82 TDI (001a910100020101000303) TDO (001a8c0000000000000001) ;
RUNTEST 1 TCK;
SDR 82 TDI (001aa00000000000000003) TDO (001a910100020101000301) ;
RUNTEST 1 TCK;
SDR 82 TDI (001aa40000000000000003) TDO (001aa00000000000000001) ;
RUNTEST 1 TCK;
SDR 82 TDI (001aa80000000000000003) TDO (001aa40000000000000001) ;
RUNTEST 1 TCK;
SDR 82 TDI (001aac0000000000000003) TDO (001aa80000000000000001) ;
RUNTEST 1 TCK;
SDR 82 TDI (001ab00000000000000003) TDO (001aac0000000000000001) ;
RUNTEST 1 TCK;
SDR 82 TDI (001ac00000000000000003) TDO (001ab00000000000000001) ;
RUNTEST 1 TCK;
SDR 82 TDI (001ac40008000000000003) TDO (001ac00000000000000001) ;
RUNTEST 1 TCK;
SDR 82 TDI (001ac80000000000000003) TDO (001ac40008000000000001) ;
RUNTEST 1 TCK;
SDR 82 TDI (001acc0000000000000003) TDO (001ac80000000000000001) ;
RUNTEST 1 TCK;
SDR 82 TDI (001ad00000000000000003) TDO (001acc0000000000000001) ;
RUNTEST 1 TCK;
SDR 82 TDI (001b010001000303000003) TDO (001ad00000000000000001) ;
RUNTEST 1 TCK;
SDR 82 TDI (001b040100010000000003) TDO (001b010001000303000001) ;
RUNTEST 1 TCK;
SDR 82 TDI (001b080100010210000003) TDO (001b040100010000000001) ;
RUNTEST 1 TCK;
SDR 82 TDI (001b0c0000000000000003) TDO (001b080100010210000001) ;
RUNTEST 1 TCK;
SDR 82 TDI (001b100100000203000103) TDO (001b0c0000000000000001) ;
RUNTEST 1 TCK;
SDR 82 TDI (001b201000000000000003) TDO (001b100100000203000101) ;
RUNTEST 1 TCK;
SDR 82 TDI (001b240000000000000003) TDO (001b201000000000000001) ;
RUNTEST 1 TCK;
SDR 82 TDI (001b280000000000000003) TDO (001b240000000000000001) ;
RUNTEST 1 TCK;
SDR 82 TDI (001b2c0000000000000003) TDO (001b280000000000000001) ;
RUNTEST 1 TCK;
SDR 82 TDI (001b300000000000000003) TDO (001b2c0000000000000001) ;
RUNTEST 1 TCK;
SDR 82 TDI (001b400000000000000003) TDO (001b300000000000000001) ;
RUNTEST 1 TCK;
SDR 82 TDI (001b440000800000000003) TDO (001b400000000000000001) ;
RUNTEST 1 TCK;
SDR 82 TDI (001b480000000000000003) TDO (001b440000800000000001) ;
RUNTEST 1 TCK;
SDR 82 TDI (001b4c0000000000000003) TDO (001b480000000000000001) ;
RUNTEST 1 TCK;
SDR 82 TDI (001b500000800000000003) TDO (001b4c0000000000000001) ;
RUNTEST 1 TCK;
SDR 82 TDI (001b820000010003000003) TDO (001b500000800000000001) ;
RUNTEST 1 TCK;
SDR 82 TDI (001b860003000002000003) TDO (001b820000010003000001) ;
RUNTEST 1 TCK;
SDR 82 TDI (001b8a0003010002000003) TDO (001b860003000002000001) ;
RUNTEST 1 TCK;
SDR 82 TDI (001b8c0000000000000003) TDO (001b8a0003010002000001) ;
RUNTEST 1 TCK;
SDR 82 TDI (001b920103000003000003) TDO (001b8c0000000000000001) ;
RUNTEST 1 TCK;
SDR 82 TDI (001ba00000000000000023) TDO (001b920103000003000001) ;
RUNTEST 1 TCK;
SDR 82 TDI (001ba40000000000000083) TDO (001ba00000000000000021) ;
RUNTEST 1 TCK;
SDR 82 TDI (001ba80000000000000083) TDO (001ba40000000000000081) ;
RUNTEST 1 TCK;
SDR 82 TDI (001bac0000000000000003) TDO (001ba80000000000000081) ;
RUNTEST 1 TCK;
SDR 82 TDI (001bb00000000000000003) TDO (001bac0000000000000001) ;
RUNTEST 1 TCK;
SDR 82 TDI (001bc00000000000008003) TDO (001bb00000000000000001) ;
RUNTEST 1 TCK;
SDR 82 TDI (001bc40000000000000063) TDO (001bc00000000000008001) ;
RUNTEST 1 TCK;
SDR 82 TDI (001bc80000000000000003) TDO (001bc40000000000000061) ;
RUNTEST 1 TCK;
SDR 82 TDI (001bcc0000000000000003) TDO (001bc80000000000000001) ;
RUNTEST 1 TCK;
SDR 82 TDI (001bd00000000000000003) TDO (001bcc0000000000000001) ;
RUNTEST 1 TCK;
SDR 82 TDI (001c014200034101000003) TDO (001bd00000000000000001) ;
RUNTEST 1 TCK;
SDR 82 TDI (001c040202004100200103) TDO (001c014200034101000001) ;
RUNTEST 1 TCK;
SDR 82 TDI (001c0b0102035000000003) TDO (001c040202004100200101) ;
RUNTEST 1 TCK;
SDR 82 TDI (001c0c0000205602000003) TDO (001c0b0102035000000001) ;
RUNTEST 1 TCK;
SDR 82 TDI (001c13020303d501000103) TDO (001c0c0000205602000001) ;
RUNTEST 1 TCK;
SDR 82 TDI (001c201000880000800003) TDO (001c13020303d501000101) ;
RUNTEST 1 TCK;
SDR 82 TDI (001c240000001000000003) TDO (001c201000880000800001) ;
RUNTEST 1 TCK;
SDR 82 TDI (001c280000205000000003) TDO (001c240000001000000001) ;
RUNTEST 1 TCK;
SDR 82 TDI (001c2c0000b05000000003) TDO (001c280000205000000001) ;
RUNTEST 1 TCK;
SDR 82 TDI (001c300000205000000003) TDO (001c2c0000b05000000001) ;
RUNTEST 1 TCK;
SDR 82 TDI (001c400800200000000003) TDO (001c300000205000000001) ;
RUNTEST 1 TCK;
SDR 82 TDI (001c440000000800000003) TDO (001c400800200000000001) ;
RUNTEST 1 TCK;
SDR 82 TDI (001c480000304000000003) TDO (001c440000000800000001) ;
RUNTEST 1 TCK;
SDR 82 TDI (001c4c0000304000000003) TDO (001c480000304000000001) ;
RUNTEST 1 TCK;
SDR 82 TDI (001c500000104000000003) TDO (001c4c0000304000000001) ;
RUNTEST 1 TCK;
SDR 82 TDI (001c800100051003000003) TDO (001c500000104000000001) ;
RUNTEST 1 TCK;
SDR 82 TDI (001c840001001000000043) TDO (001c800100051003000001) ;
RUNTEST 1 TCK;
SDR 82 TDI (001c880101010002010003) TDO (001c840001001000000041) ;
RUNTEST 1 TCK;
SDR 82 TDI (001c8c0000000000000003) TDO (001c880101010002010001) ;
RUNTEST 1 TCK;
SDR 82 TDI (001c900003000901010003) TDO (001c8c0000000000000001) ;
RUNTEST 1 TCK;
SDR 82 TDI (001ca00000001400000003) TDO (001c900003000901010001) ;
RUNTEST 1 TCK;
SDR 82 TDI (001ca40000000400000003) TDO (001ca00000001400000001) ;
RUNTEST 1 TCK;
SDR 82 TDI (001ca80000000000000003) TDO (001ca40000000400000001) ;
RUNTEST 1 TCK;
SDR 82 TDI (001cac0000000000000003) TDO (001ca80000000000000001) ;
RUNTEST 1 TCK;
SDR 82 TDI (001cb00000802000000003) TDO (001cac0000000000000001) ;
RUNTEST 1 TCK;
SDR 82 TDI (001cc00000800808000003) TDO (001cb00000802000000001) ;
RUNTEST 1 TCK;
SDR 82 TDI (001cc40000800008000003) TDO (001cc00000800808000001) ;
RUNTEST 1 TCK;
SDR 82 TDI (001cc80000800008000003) TDO (001cc40000800008000001) ;
RUNTEST 1 TCK;
SDR 82 TDI (001ccc0000000000000003) TDO (001cc80000800008000001) ;
RUNTEST 1 TCK;
SDR 82 TDI (001cd00000000000000003) TDO (001ccc0000000000000001) ;
RUNTEST 1 TCK;
SDR 82 TDI (001d000200000102000103) TDO (001cd00000000000000001) ;
RUNTEST 1 TCK;
SDR 82 TDI (001d040000200000000003) TDO (001d000200000102000101) ;
RUNTEST 1 TCK;
SDR 82 TDI (001d080200000002000103) TDO (001d040000200000000001) ;
RUNTEST 1 TCK;
SDR 82 TDI (001d0c0100010000000003) TDO (001d080200000002000101) ;
RUNTEST 1 TCK;
SDR 82 TDI (001d110200000102000103) TDO (001d0c0100010000000001) ;
RUNTEST 1 TCK;
SDR 82 TDI (001d200000000000000003) TDO (001d110200000102000101) ;
RUNTEST 1 TCK;
SDR 82 TDI (001d240000000000000003) TDO (001d200000000000000001) ;
RUNTEST 1 TCK;
SDR 82 TDI (001d280000000000000003) TDO (001d240000000000000001) ;
RUNTEST 1 TCK;
SDR 82 TDI (001d2c0000000000000003) TDO (001d280000000000000001) ;
RUNTEST 1 TCK;
SDR 82 TDI (001d300000000000000003) TDO (001d2c0000000000000001) ;
RUNTEST 1 TCK;
SDR 82 TDI (001d400800040000000003) TDO (001d300000000000000001) ;
RUNTEST 1 TCK;
SDR 82 TDI (001d440000000000000003) TDO (001d400800040000000001) ;
RUNTEST 1 TCK;
SDR 82 TDI (001d480000000000000003) TDO (001d440000000000000001) ;
RUNTEST 1 TCK;
SDR 82 TDI (001d4c0000000000000003) TDO (001d480000000000000001) ;
RUNTEST 1 TCK;
SDR 82 TDI (001d500000000000000003) TDO (001d4c0000000000000001) ;
RUNTEST 1 TCK;
SDR 82 TDI (001d800100030101000203) TDO (001d500000000000000001) ;
RUNTEST 1 TCK;
SDR 82 TDI (001d840001000300000303) TDO (001d800100030101000201) ;
RUNTEST 1 TCK;
SDR 82 TDI (001d890101030200000003) TDO (001d840001000300000301) ;
RUNTEST 1 TCK;
SDR 82 TDI (001d8e0000000000000003) TDO (001d890101030200000001) ;
RUNTEST 1 TCK;
SDR 82 TDI (001d910001020101000303) TDO (001d8e0000000000000001) ;
RUNTEST 1 TCK;
SDR 82 TDI (001da00000000000000003) TDO (001d910001020101000301) ;
RUNTEST 1 TCK;
SDR 82 TDI (001da40000000000000003) TDO (001da00000000000000001) ;
RUNTEST 1 TCK;
SDR 82 TDI (001da80000000000000003) TDO (001da40000000000000001) ;
RUNTEST 1 TCK;
SDR 82 TDI (001dac0000000000000003) TDO (001da80000000000000001) ;
RUNTEST 1 TCK;
SDR 82 TDI (001db00000000000000003) TDO (001dac0000000000000001) ;
RUNTEST 1 TCK;
SDR 82 TDI (001dc00000000000000003) TDO (001db00000000000000001) ;
RUNTEST 1 TCK;
SDR 82 TDI (001dc40000000000000003) TDO (001dc00000000000000001) ;
RUNTEST 1 TCK;
SDR 82 TDI (001dc80000000000000003) TDO (001dc40000000000000001) ;
RUNTEST 1 TCK;
SDR 82 TDI (001dcc0000000000000003) TDO (001dc80000000000000001) ;
RUNTEST 1 TCK;
SDR 82 TDI (001dd00000000000000003) TDO (001dcc0000000000000001) ;
RUNTEST 1 TCK;
SDR 82 TDI (001e010100002a01000007) TDO (001dd00000000000000001) ;
RUNTEST 1 TCK;
SDR 82 TDI (001e054900000c80000003) TDO (001e010100002a01000005) ;
RUNTEST 1 TCK;
SDR 82 TDI (001e098802012e00000003) TDO (001e054900000c80000001) ;
RUNTEST 1 TCK;
SDR 82 TDI (001e0c0000002880000003) TDO (001e098802012e00000001) ;
RUNTEST 1 TCK;
SDR 82 TDI (001e110002012b01000003) TDO (001e0c0000002880000001) ;
RUNTEST 1 TCK;
SDR 82 TDI (001e208400000080800003) TDO (001e110002012b01000001) ;
RUNTEST 1 TCK;
SDR 82 TDI (001e24100000a000000003) TDO (001e208400000080800001) ;
RUNTEST 1 TCK;
SDR 82 TDI (001e28100000a400000003) TDO (001e24100000a000000001) ;
RUNTEST 1 TCK;
SDR 82 TDI (001e2c0400002400000003) TDO (001e28100000a400000001) ;
RUNTEST 1 TCK;
SDR 82 TDI (001e300000002004000003) TDO (001e2c0400002400000001) ;
RUNTEST 1 TCK;
SDR 82 TDI (001e408000000400000003) TDO (001e300000002004000001) ;
RUNTEST 1 TCK;
SDR 82 TDI (001e441000008000000003) TDO (001e408000000400000001) ;
RUNTEST 1 TCK;
SDR 82 TDI (001e481000009400000003) TDO (001e441000008000000001) ;
RUNTEST 1 TCK;
SDR 82 TDI (001e4c40000094c0000083) TDO (001e481000009400000001) ;
RUNTEST 1 TCK;
SDR 82 TDI (001e500000009400000003) TDO (001e4c40000094c0000081) ;
RUNTEST 1 TCK;
SDR 82 TDI (001e814000021201000003) TDO (001e500000009400000001) ;
RUNTEST 1 TCK;
SDR 82 TDI (001e850002009000210043) TDO (001e814000021201000001) ;
RUNTEST 1 TCK;
SDR 82 TDI (001e890003020204020003) TDO (001e850002009000210041) ;
RUNTEST 1 TCK;
SDR 82 TDI (001e8c1400009004000003) TDO (001e890003020204020001) ;
RUNTEST 1 TCK;
SDR 82 TDI (001e911003029305020103) TDO (001e8c1400009004000001) ;
RUNTEST 1 TCK;
SDR 82 TDI (001ea02000000024000003) TDO (001e911003029305020101) ;
RUNTEST 1 TCK;
SDR 82 TDI (001ea4a000000024000003) TDO (001ea02000000024000001) ;
RUNTEST 1 TCK;
SDR 82 TDI (001ea88400001084100003) TDO (001ea4a000000024000001) ;
RUNTEST 1 TCK;
SDR 82 TDI (001eacd000000084000003) TDO (001ea88400001084100001) ;
RUNTEST 1 TCK;
SDR 82 TDI (001eb08000001000000003) TDO (001eacd000000084000001) ;
RUNTEST 1 TCK;
SDR 82 TDI (001ec04400000000000003) TDO (001eb08000001000000001) ;
RUNTEST 1 TCK;
SDR 82 TDI (001ec40010000000000003) TDO (001ec04400000000000001) ;
RUNTEST 1 TCK;
SDR 82 TDI (001ec84000000088000003) TDO (001ec40010000000000001) ;
RUNTEST 1 TCK;
SDR 82 TDI (001ecc1000000000000003) TDO (001ec84000000088000001) ;
RUNTEST 1 TCK;
SDR 82 TDI (001ed07800004000100003) TDO (001ecc1000000000000001) ;
RUNTEST 1 TCK;
SDR 82 TDI (001f000002020103000003) TDO (001ed07800004000100001) ;
RUNTEST 1 TCK;
SDR 82 TDI (001f070201020200000003) TDO (001f000002020103000001) ;
RUNTEST 1 TCK;
SDR 82 TDI (001f0a0303000300010003) TDO (001f070201020200000001) ;
RUNTEST 1 TCK;
SDR 82 TDI (001f0c0000000000000103) TDO (001f0a0303000300010001) ;
RUNTEST 1 TCK;
SDR 82 TDI (001f110103010103010203) TDO (001f0c0000000000000101) ;
RUNTEST 1 TCK;
SDR 82 TDI (001f200000000000000003) TDO (001f110103010103010201) ;
RUNTEST 1 TCK;
SDR 82 TDI (001f240000000000000003) TDO (001f200000000000000001) ;
RUNTEST 1 TCK;
SDR 82 TDI (001f280000000000000003) TDO (001f240000000000000001) ;
RUNTEST 1 TCK;
SDR 82 TDI (001f2c0000000000000003) TDO (001f280000000000000001) ;
RUNTEST 1 TCK;
SDR 82 TDI (001f300000000000000003) TDO (001f2c0000000000000001) ;
RUNTEST 1 TCK;
SDR 82 TDI (001f400000000000000003) TDO (001f300000000000000001) ;
RUNTEST 1 TCK;
SDR 82 TDI (001f440000000000000003) TDO (001f400000000000000001) ;
RUNTEST 1 TCK;
SDR 82 TDI (001f480000000000000003) TDO (001f440000000000000001) ;
RUNTEST 1 TCK;
SDR 82 TDI (001f4c0000000000000003) TDO (001f480000000000000001) ;
RUNTEST 1 TCK;
SDR 82 TDI (001f500000000000000003) TDO (001f4c0000000000000001) ;
RUNTEST 1 TCK;
SDR 82 TDI (001f810202000100000003) TDO (001f500000000000000001) ;
RUNTEST 1 TCK;
SDR 82 TDI (001f850202010001200103) TDO (001f810202000100000001) ;
RUNTEST 1 TCK;
SDR 82 TDI (001f890100010001000103) TDO (001f850202010001200101) ;
RUNTEST 1 TCK;
SDR 82 TDI (001f8c0000000000000003) TDO (001f890100010001000101) ;
RUNTEST 1 TCK;
SDR 82 TDI (001f910303010101000103) TDO (001f8c0000000000000001) ;
RUNTEST 1 TCK;
SDR 82 TDI (001fa00000000000000003) TDO (001f910303010101000101) ;
RUNTEST 1 TCK;
SDR 82 TDI (001fa40000000000100003) TDO (001fa00000000000000001) ;
RUNTEST 1 TCK;
SDR 82 TDI (001fa80000000000100003) TDO (001fa40000000000100001) ;
RUNTEST 1 TCK;
SDR 82 TDI (001fac0000000010000003) TDO (001fa80000000000100001) ;
RUNTEST 1 TCK;
SDR 82 TDI (001fb00000000010000003) TDO (001fac0000000010000001) ;
RUNTEST 1 TCK;
SDR 82 TDI (001fc00000000000100003) TDO (001fb00000000010000001) ;
RUNTEST 1 TCK;
SDR 82 TDI (001fc40000000000100003) TDO (001fc00000000000100001) ;
RUNTEST 1 TCK;
SDR 82 TDI (001fc80000000000100003) TDO (001fc40000000000100001) ;
RUNTEST 1 TCK;
SDR 82 TDI (001fcc0000000000000003) TDO (001fc80000000000100001) ;
RUNTEST 1 TCK;
SDR 82 TDI (001fd00000000000100003) TDO (001fcc0000000000000001) ;
RUNTEST 1 TCK;
SDR 82 TDI (0020014000010000000103) TDO (001fd00000000000100001) ;
RUNTEST 1 TCK;
SDR 82 TDI (0020040000950001200003) TDO (0020014000010000000101) ;
RUNTEST 1 TCK;
SDR 82 TDI (0020090100100001000003) TDO (0020040000950001200001) ;
RUNTEST 1 TCK;
SDR 82 TDI (00200c0000000000000003) TDO (0020090100100001000001) ;
RUNTEST 1 TCK;
SDR 82 TDI (0020130100000100000103) TDO (00200c0000000000000001) ;
RUNTEST 1 TCK;
SDR 82 TDI (0020200000040000000003) TDO (0020130100000100000101) ;
RUNTEST 1 TCK;
SDR 82 TDI (0020240000000000100003) TDO (0020200000040000000001) ;
RUNTEST 1 TCK;
SDR 82 TDI (0020280000000000000003) TDO (0020240000000000100001) ;
RUNTEST 1 TCK;
SDR 82 TDI (00202c0000000000000003) TDO (0020280000000000000001) ;
RUNTEST 1 TCK;
SDR 82 TDI (0020300000800000000003) TDO (00202c0000000000000001) ;
RUNTEST 1 TCK;
SDR 82 TDI (0020400000000000100003) TDO (0020300000800000000001) ;
RUNTEST 1 TCK;
SDR 82 TDI (0020442000000000100003) TDO (0020400000000000100001) ;
RUNTEST 1 TCK;
SDR 82 TDI (0020482000000000100003) TDO (0020442000000000100001) ;
RUNTEST 1 TCK;
SDR 82 TDI (00204c2000000000000003) TDO (0020482000000000100001) ;
RUNTEST 1 TCK;
SDR 82 TDI (0020502000000000100003) TDO (00204c2000000000000001) ;
RUNTEST 1 TCK;
SDR 82 TDI (0020800200900301000003) TDO (0020502000000000100001) ;
RUNTEST 1 TCK;
SDR 82 TDI (0020850000420100000003) TDO (0020800200900301000001) ;
RUNTEST 1 TCK;
SDR 82 TDI (0020880301400000000003) TDO (0020850000420100000001) ;
RUNTEST 1 TCK;
SDR 82 TDI (00208c0000c00000000003) TDO (0020880301400000000001) ;
RUNTEST 1 TCK;
SDR 82 TDI (0020900303000301000103) TDO (00208c0000c00000000001) ;
RUNTEST 1 TCK;
SDR 82 TDI (0020a00000000000000003) TDO (0020900303000301000101) ;
RUNTEST 1 TCK;
SDR 82 TDI (0020a40000000000000003) TDO (0020a00000000000000001) ;
RUNTEST 1 TCK;
SDR 82 TDI (0020a80000040000000003) TDO (0020a40000000000000001) ;
RUNTEST 1 TCK;
SDR 82 TDI (0020ac0000000000000003) TDO (0020a80000040000000001) ;
RUNTEST 1 TCK;
SDR 82 TDI (0020b00000000000000003) TDO (0020ac0000000000000001) ;
RUNTEST 1 TCK;
SDR 82 TDI (0020c00000080000000003) TDO (0020b00000000000000001) ;
RUNTEST 1 TCK;
SDR 82 TDI (0020c40000080000000003) TDO (0020c00000080000000001) ;
RUNTEST 1 TCK;
SDR 82 TDI (0020c80000000000000003) TDO (0020c40000080000000001) ;
RUNTEST 1 TCK;
SDR 82 TDI (0020cc0000000000000003) TDO (0020c80000000000000001) ;
RUNTEST 1 TCK;
SDR 82 TDI (0020d00000000000000003) TDO (0020cc0000000000000001) ;
RUNTEST 1 TCK;
SDR 82 TDI (0021010000080200000003) TDO (0020d00000000000000001) ;
RUNTEST 1 TCK;
SDR 82 TDI (0021050003000208000203) TDO (0021010000080200000001) ;
RUNTEST 1 TCK;
SDR 82 TDI (0021090101030244000003) TDO (0021050003000208000201) ;
RUNTEST 1 TCK;
SDR 82 TDI (00210c0000200000000003) TDO (0021090101030244000001) ;
RUNTEST 1 TCK;
SDR 82 TDI (0021110102000320000203) TDO (00210c0000200000000001) ;
RUNTEST 1 TCK;
SDR 82 TDI (0021200000000014800003) TDO (0021110102000320000201) ;
RUNTEST 1 TCK;
SDR 82 TDI (0021240000800800000003) TDO (0021200000000014800001) ;
RUNTEST 1 TCK;
SDR 82 TDI (0021280000000004000003) TDO (0021240000800800000001) ;
RUNTEST 1 TCK;
SDR 82 TDI (00212c2000900010000003) TDO (0021280000000004000001) ;
RUNTEST 1 TCK;
SDR 82 TDI (0021302000000800000003) TDO (00212c2000900010000001) ;
RUNTEST 1 TCK;
SDR 82 TDI (0021400000200008000003) TDO (0021302000000800000001) ;
RUNTEST 1 TCK;
SDR 82 TDI (002144000000002c000003) TDO (0021400000200008000001) ;
RUNTEST 1 TCK;
SDR 82 TDI (0021480000000018000003) TDO (002144000000002c000001) ;
RUNTEST 1 TCK;
SDR 82 TDI (00214c0000000020000003) TDO (0021480000000018000001) ;
RUNTEST 1 TCK;
SDR 82 TDI (0021500000000000000003) TDO (00214c0000000020000001) ;
RUNTEST 1 TCK;
SDR 82 TDI (0021820280000200010003) TDO (0021500000000000000001) ;
RUNTEST 1 TCK;
SDR 82 TDI (0021850083010100010003) TDO (0021820280000200010001) ;
RUNTEST 1 TCK;
SDR 82 TDI (0021880283000281000003) TDO (0021850083010100010001) ;
RUNTEST 1 TCK;
SDR 82 TDI (00218c0080000030000003) TDO (0021880283000281000001) ;
RUNTEST 1 TCK;
SDR 82 TDI (0021930103000341010203) TDO (00218c0080000030000001) ;
RUNTEST 1 TCK;
SDR 82 TDI (0021a00000000800000003) TDO (0021930103000341010201) ;
RUNTEST 1 TCK;
SDR 82 TDI (0021a40000000000000003) TDO (0021a00000000800000001) ;
RUNTEST 1 TCK;
SDR 82 TDI (0021a80000000000000003) TDO (0021a40000000000000001) ;
RUNTEST 1 TCK;
SDR 82 TDI (0021ac0000000020000003) TDO (0021a80000000000000001) ;
RUNTEST 1 TCK;
SDR 82 TDI (0021b00000000080000003) TDO (0021ac0000000020000001) ;
RUNTEST 1 TCK;
SDR 82 TDI (0021c00000000020000003) TDO (0021b00000000080000001) ;
RUNTEST 1 TCK;
SDR 82 TDI (0021c40000000000000003) TDO (0021c00000000020000001) ;
RUNTEST 1 TCK;
SDR 82 TDI (0021c80000000000000003) TDO (0021c40000000000000001) ;
RUNTEST 1 TCK;
SDR 82 TDI (0021cc2000000000100003) TDO (0021c80000000000000001) ;
RUNTEST 1 TCK;
SDR 82 TDI (0021d000000000c0000003) TDO (0021cc2000000000100001) ;
RUNTEST 1 TCK;
SDR 82 TDI (0022030200030302000103) TDO (0021d000000000c0000001) ;
RUNTEST 1 TCK;
SDR 82 TDI (0022040000020100000103) TDO (0022030200030302000101) ;
RUNTEST 1 TCK;
SDR 82 TDI (0022090000030102000103) TDO (0022040000020100000101) ;
RUNTEST 1 TCK;
SDR 82 TDI (00220c0000000000000003) TDO (0022090000030102000101) ;
RUNTEST 1 TCK;
SDR 82 TDI (0022110000030100000203) TDO (00220c0000000000000001) ;
RUNTEST 1 TCK;
SDR 82 TDI (0022200000000000000003) TDO (0022110000030100000201) ;
RUNTEST 1 TCK;
SDR 82 TDI (0022240000000000000003) TDO (0022200000000000000001) ;
RUNTEST 1 TCK;
SDR 82 TDI (0022280000200000000003) TDO (0022240000000000000001) ;
RUNTEST 1 TCK;
SDR 82 TDI (00222c0000000000000003) TDO (0022280000200000000001) ;
RUNTEST 1 TCK;
SDR 82 TDI (0022300000000000000003) TDO (00222c0000000000000001) ;
RUNTEST 1 TCK;
SDR 82 TDI (0022400000000000000003) TDO (0022300000000000000001) ;
RUNTEST 1 TCK;
SDR 82 TDI (0022440000000000000003) TDO (0022400000000000000001) ;
RUNTEST 1 TCK;
SDR 82 TDI (0022480000100000000003) TDO (0022440000000000000001) ;
RUNTEST 1 TCK;
SDR 82 TDI (00224c0000000000000003) TDO (0022480000100000000001) ;
RUNTEST 1 TCK;
SDR 82 TDI (0022500000000000000003) TDO (00224c0000000000000001) ;
RUNTEST 1 TCK;
SDR 82 TDI (0022800200000000000203) TDO (0022500000000000000001) ;
RUNTEST 1 TCK;
SDR 82 TDI (0022850300020102200003) TDO (0022800200000000000201) ;
RUNTEST 1 TCK;
SDR 82 TDI (0022880002000000000203) TDO (0022850300020102200001) ;
RUNTEST 1 TCK;
SDR 82 TDI (00228c0000000000000003) TDO (0022880002000000000201) ;
RUNTEST 1 TCK;
SDR 82 TDI (0022900202020102000203) TDO (00228c0000000000000001) ;
RUNTEST 1 TCK;
SDR 82 TDI (0022a00000000000000003) TDO (0022900202020102000201) ;
RUNTEST 1 TCK;
SDR 82 TDI (0022a40000000000000003) TDO (0022a00000000000000001) ;
RUNTEST 1 TCK;
SDR 82 TDI (0022a80000000000000003) TDO (0022a40000000000000001) ;
RUNTEST 1 TCK;
SDR 82 TDI (0022ac0000000000000003) TDO (0022a80000000000000001) ;
RUNTEST 1 TCK;
SDR 82 TDI (0022b00000000000000003) TDO (0022ac0000000000000001) ;
RUNTEST 1 TCK;
SDR 82 TDI (0022c00000000000000003) TDO (0022b00000000000000001) ;
RUNTEST 1 TCK;
SDR 82 TDI (0022c40000000000000003) TDO (0022c00000000000000001) ;
RUNTEST 1 TCK;
SDR 82 TDI (0022c80000000000000003) TDO (0022c40000000000000001) ;
RUNTEST 1 TCK;
SDR 82 TDI (0022cc0000000000000003) TDO (0022c80000000000000001) ;
RUNTEST 1 TCK;
SDR 82 TDI (0022d00000000000000003) TDO (0022cc0000000000000001) ;
RUNTEST 1 TCK;
SDR 82 TDI (0023000000000000000103) TDO (0022d00000000000000001) ;
RUNTEST 1 TCK;
SDR 82 TDI (0023040200020202000003) TDO (0023000000000000000101) ;
RUNTEST 1 TCK;
SDR 82 TDI (0023080202020202000003) TDO (0023040200020202000001) ;
RUNTEST 1 TCK;
SDR 82 TDI (00230c0000000000000003) TDO (0023080202020202000001) ;
RUNTEST 1 TCK;
SDR 82 TDI (0023100002000000000003) TDO (00230c0000000000000001) ;
RUNTEST 1 TCK;
SDR 82 TDI (0023200000000000000003) TDO (0023100002000000000001) ;
RUNTEST 1 TCK;
SDR 82 TDI (0023240000000000000003) TDO (0023200000000000000001) ;
RUNTEST 1 TCK;
SDR 82 TDI (0023280000000000000003) TDO (0023240000000000000001) ;
RUNTEST 1 TCK;
SDR 82 TDI (00232c0000000000000003) TDO (0023280000000000000001) ;
RUNTEST 1 TCK;
SDR 82 TDI (0023300000000000000003) TDO (00232c0000000000000001) ;
RUNTEST 1 TCK;
SDR 82 TDI (0023400000000000000003) TDO (0023300000000000000001) ;
RUNTEST 1 TCK;
SDR 82 TDI (0023440000000000000003) TDO (0023400000000000000001) ;
RUNTEST 1 TCK;
SDR 82 TDI (0023480000000000000003) TDO (0023440000000000000001) ;
RUNTEST 1 TCK;
SDR 82 TDI (00234c0000000000000003) TDO (0023480000000000000001) ;
RUNTEST 1 TCK;
SDR 82 TDI (0023500000000000000003) TDO (00234c0000000000000001) ;
RUNTEST 1 TCK;
SDR 82 TDI (0023810202010001000003) TDO (0023500000000000000001) ;
RUNTEST 1 TCK;
SDR 82 TDI (0023840202000200020203) TDO (0023810202010001000001) ;
RUNTEST 1 TCK;
SDR 82 TDI (0023890000010001020203) TDO (0023840202000200020201) ;
RUNTEST 1 TCK;
SDR 82 TDI (00238c0000000000000003) TDO (0023890000010001020201) ;
RUNTEST 1 TCK;
SDR 82 TDI (0023900202000000000003) TDO (00238c0000000000000001) ;
RUNTEST 1 TCK;
SDR 82 TDI (0023a00000000000000003) TDO (0023900202000000000001) ;
RUNTEST 1 TCK;
SDR 82 TDI (0023a40000000000000003) TDO (0023a00000000000000001) ;
RUNTEST 1 TCK;
SDR 82 TDI (0023a80000000000000003) TDO (0023a40000000000000001) ;
RUNTEST 1 TCK;
SDR 82 TDI (0023ac0000000000000003) TDO (0023a80000000000000001) ;
RUNTEST 1 TCK;
SDR 82 TDI (0023b00000000000000003) TDO (0023ac0000000000000001) ;
RUNTEST 1 TCK;
SDR 82 TDI (0023c00020000000000003) TDO (0023b00000000000000001) ;
RUNTEST 1 TCK;
SDR 82 TDI (0023c40020000000100003) TDO (0023c00020000000000001) ;
RUNTEST 1 TCK;
SDR 82 TDI (0023c80000000000000003) TDO (0023c40020000000100001) ;
RUNTEST 1 TCK;
SDR 82 TDI (0023cc0000000000000003) TDO (0023c80000000000000001) ;
RUNTEST 1 TCK;
SDR 82 TDI (0023d00000000000000003) TDO (0023cc0000000000000001) ;
RUNTEST 1 TCK;
SDR 82 TDI (0024020200020082000083) TDO (0023d00000000000000001) ;
RUNTEST 1 TCK;
SDR 82 TDI (0024040a02000208000003) TDO (0024020200020082000081) ;
RUNTEST 1 TCK;
SDR 82 TDI (00240a000203024a000083) TDO (0024040a02000208000001) ;
RUNTEST 1 TCK;
SDR 82 TDI (00240c1000000040000003) TDO (00240a000203024a000081) ;
RUNTEST 1 TCK;
SDR 82 TDI (0024100202020282000203) TDO (00240c1000000040000001) ;
RUNTEST 1 TCK;
SDR 82 TDI (0024202000000000000003) TDO (0024100202020282000201) ;
RUNTEST 1 TCK;
SDR 82 TDI (0024241800000080000003) TDO (0024202000000000000001) ;
RUNTEST 1 TCK;
SDR 82 TDI (0024288000000004000003) TDO (0024241800000080000001) ;
RUNTEST 1 TCK;
SDR 82 TDI (00242c2000000014000003) TDO (0024288000000004000001) ;
RUNTEST 1 TCK;
SDR 82 TDI (0024300000000010000003) TDO (00242c2000000014000001) ;
RUNTEST 1 TCK;
SDR 82 TDI (0024404000000080000003) TDO (0024300000000010000001) ;
RUNTEST 1 TCK;
SDR 82 TDI (0024441000000080000003) TDO (0024404000000080000001) ;
RUNTEST 1 TCK;
SDR 82 TDI (0024480000000040000003) TDO (0024441000000080000001) ;
RUNTEST 1 TCK;
SDR 82 TDI (00244c1000000000000003) TDO (0024480000000040000001) ;
RUNTEST 1 TCK;
SDR 82 TDI (0024500800000000000003) TDO (00244c1000000000000001) ;
RUNTEST 1 TCK;
SDR 82 TDI (0024820a00000242020003) TDO (0024500800000000000001) ;
RUNTEST 1 TCK;
SDR 82 TDI (0024850301030220020083) TDO (0024820a00000242020001) ;
RUNTEST 1 TCK;
SDR 82 TDI (00248b0102010204000003) TDO (0024850301030220020081) ;
RUNTEST 1 TCK;
SDR 82 TDI (00248c0000000000000003) TDO (00248b0102010204000001) ;
RUNTEST 1 TCK;
SDR 82 TDI (002490c602020202020003) TDO (00248c0000000000000001) ;
RUNTEST 1 TCK;
SDR 82 TDI (0024a0000000002400000b) TDO (002490c602020202020001) ;
RUNTEST 1 TCK;
SDR 82 TDI (0024a40000000024000003) TDO (0024a00000000024000009) ;
RUNTEST 1 TCK;
SDR 82 TDI (0024a82000000800000003) TDO (0024a40000000024000001) ;
RUNTEST 1 TCK;
SDR 82 TDI (0024ac0000000000000003) TDO (0024a82000000800000001) ;
RUNTEST 1 TCK;
SDR 82 TDI (0024b04400000000000003) TDO (0024ac0000000000000001) ;
RUNTEST 1 TCK;
SDR 82 TDI (0024c02000000008000003) TDO (0024b04400000000000001) ;
RUNTEST 1 TCK;
SDR 82 TDI (0024c40000000020000003) TDO (0024c02000000008000001) ;
RUNTEST 1 TCK;
SDR 82 TDI (0024c800000000b0000003) TDO (0024c40000000020000001) ;
RUNTEST 1 TCK;
SDR 82 TDI (0024cc0000000010000003) TDO (0024c800000000b0000001) ;
RUNTEST 1 TCK;
SDR 82 TDI (0024d08000000000000003) TDO (0024cc0000000010000001) ;
RUNTEST 1 TCK;
SDR 82 TDI (0025030300090200000203) TDO (0024d08000000000000001) ;
RUNTEST 1 TCK;
SDR 82 TDI (0025070200090001010203) TDO (0025030300090200000201) ;
RUNTEST 1 TCK;
SDR 82 TDI (00250a0100000201010003) TDO (0025070200090001010201) ;
RUNTEST 1 TCK;
SDR 82 TDI (00250c0002000080000003) TDO (00250a0100000201010001) ;
RUNTEST 1 TCK;
SDR 82 TDI (0025130200030280010203) TDO (00250c0002000080000001) ;
RUNTEST 1 TCK;
SDR 82 TDI (0025200000000000000003) TDO (0025130200030280010201) ;
RUNTEST 1 TCK;
SDR 82 TDI (0025240000000000000003) TDO (0025200000000000000001) ;
RUNTEST 1 TCK;
SDR 82 TDI (0025280000000000000003) TDO (0025240000000000000001) ;
RUNTEST 1 TCK;
SDR 82 TDI (00252c0000000080000003) TDO (0025280000000000000001) ;
RUNTEST 1 TCK;
SDR 82 TDI (0025300000000000000003) TDO (00252c0000000080000001) ;
RUNTEST 1 TCK;
SDR 82 TDI (0025400000000000000003) TDO (0025300000000000000001) ;
RUNTEST 1 TCK;
SDR 82 TDI (0025440000000000000003) TDO (0025400000000000000001) ;
RUNTEST 1 TCK;
SDR 82 TDI (0025480000000040000003) TDO (0025440000000000000001) ;
RUNTEST 1 TCK;
SDR 82 TDI (00254c0000000040000003) TDO (0025480000000040000001) ;
RUNTEST 1 TCK;
SDR 82 TDI (0025500000000040000003) TDO (00254c0000000040000001) ;
RUNTEST 1 TCK;
SDR 82 TDI (0025800200000294000003) TDO (0025500000000040000001) ;
RUNTEST 1 TCK;
SDR 82 TDI (0025840200000080000203) TDO (0025800200000294000001) ;
RUNTEST 1 TCK;
SDR 82 TDI (0025880200020280000203) TDO (0025840200000080000201) ;
RUNTEST 1 TCK;
SDR 82 TDI (00258c0000000004000003) TDO (0025880200020280000201) ;
RUNTEST 1 TCK;
SDR 82 TDI (0025900202000200000003) TDO (00258c0000000004000001) ;
RUNTEST 1 TCK;
SDR 82 TDI (0025a00000000080000003) TDO (0025900202000200000001) ;
RUNTEST 1 TCK;
SDR 82 TDI (0025a40000000080000003) TDO (0025a00000000080000001) ;
RUNTEST 1 TCK;
SDR 82 TDI (0025a80000000080000003) TDO (0025a40000000080000001) ;
RUNTEST 1 TCK;
SDR 82 TDI (0025ac0000000000000003) TDO (0025a80000000080000001) ;
RUNTEST 1 TCK;
SDR 82 TDI (0025b00000000000000003) TDO (0025ac0000000000000001) ;
RUNTEST 1 TCK;
SDR 82 TDI (0025c00000000080000003) TDO (0025b00000000000000001) ;
RUNTEST 1 TCK;
SDR 82 TDI (0025c40000000000000003) TDO (0025c00000000080000001) ;
RUNTEST 1 TCK;
SDR 82 TDI (0025c80000000000000003) TDO (0025c40000000000000001) ;
RUNTEST 1 TCK;
SDR 82 TDI (0025cc0000000080000003) TDO (0025c80000000000000001) ;
RUNTEST 1 TCK;
SDR 82 TDI (0025d00000000080000003) TDO (0025cc0000000080000001) ;
RUNTEST 1 TCK;
SDR 82 TDI (0026020000000042000003) TDO (0025d00000000080000001) ;
RUNTEST 1 TCK;
SDR 82 TDI (0026040200940060020003) TDO (0026020000000042000001) ;
RUNTEST 1 TCK;
SDR 82 TDI (00260a0300120062020003) TDO (0026040200940060020001) ;
RUNTEST 1 TCK;
SDR 82 TDI (00260c0000400060000003) TDO (00260a0300120062020001) ;
RUNTEST 1 TCK;
SDR 82 TDI (0026100200000060020203) TDO (00260c0000400060000001) ;
RUNTEST 1 TCK;
SDR 82 TDI (0026200000040800000003) TDO (0026100200000060020201) ;
RUNTEST 1 TCK;
SDR 82 TDI (0026240000000800000003) TDO (0026200000040800000001) ;
RUNTEST 1 TCK;
SDR 82 TDI (0026280000000040000003) TDO (0026240000000800000001) ;
RUNTEST 1 TCK;
SDR 82 TDI (00262c0000000050000003) TDO (0026280000000040000001) ;
RUNTEST 1 TCK;
SDR 82 TDI (0026300000800050000003) TDO (00262c0000000050000001) ;
RUNTEST 1 TCK;
SDR 82 TDI (0026400000000034000003) TDO (0026300000800050000001) ;
RUNTEST 1 TCK;
SDR 82 TDI (0026440000000030000003) TDO (0026400000000034000001) ;
RUNTEST 1 TCK;
SDR 82 TDI (0026480000000030000003) TDO (0026440000000030000001) ;
RUNTEST 1 TCK;
SDR 82 TDI (00264c0000000030000003) TDO (0026480000000030000001) ;
RUNTEST 1 TCK;
SDR 82 TDI (0026500000000030000003) TDO (00264c0000000030000001) ;
RUNTEST 1 TCK;
SDR 82 TDI (0026800000800028000003) TDO (0026500000000030000001) ;
RUNTEST 1 TCK;
SDR 82 TDI (0026840000400000000003) TDO (0026800000800028000001) ;
RUNTEST 1 TCK;
SDR 82 TDI (0026880000400000000003) TDO (0026840000400000000001) ;
RUNTEST 1 TCK;
SDR 82 TDI (00268c0000000000000003) TDO (0026880000400000000001) ;
RUNTEST 1 TCK;
SDR 82 TDI (0026900000000000000003) TDO (00268c0000000000000001) ;
RUNTEST 1 TCK;
SDR 82 TDI (0026a00000000050000003) TDO (0026900000000000000001) ;
RUNTEST 1 TCK;
SDR 82 TDI (0026a40000000040000003) TDO (0026a00000000050000001) ;
RUNTEST 1 TCK;
SDR 82 TDI (0026a80000040030000003) TDO (0026a40000000040000001) ;
RUNTEST 1 TCK;
SDR 82 TDI (0026ac0000000000000003) TDO (0026a80000040030000001) ;
RUNTEST 1 TCK;
SDR 82 TDI (0026b00000000820000003) TDO (0026ac0000000000000001) ;
RUNTEST 1 TCK;
SDR 82 TDI (0026c00000080040001003) TDO (0026b00000000820000001) ;
RUNTEST 1 TCK;
SDR 82 TDI (0026c40000080040000003) TDO (0026c00000080040001001) ;
RUNTEST 1 TCK;
SDR 82 TDI (0026c80000000000000003) TDO (0026c40000080040000001) ;
RUNTEST 1 TCK;
SDR 82 TDI (0026cc0000000000000003) TDO (0026c80000000000000001) ;
RUNTEST 1 TCK;
SDR 82 TDI (0026d00000000000000003) TDO (0026cc0000000000000001) ;
RUNTEST 1 TCK;
SDR 82 TDI (0027014101010105010103) TDO (0026d00000000000000001) ;
RUNTEST 1 TCK;
SDR 82 TDI (002705010109010d000003) TDO (0027014101010105010101) ;
RUNTEST 1 TCK;
SDR 82 TDI (0027080400000048000003) TDO (002705010109010d000001) ;
RUNTEST 1 TCK;
SDR 82 TDI (00270cc0000000c0000003) TDO (0027080400000048000001) ;
RUNTEST 1 TCK;
SDR 82 TDI (0027100000000080000003) TDO (00270cc0000000c0000001) ;
RUNTEST 1 TCK;
SDR 82 TDI (0027208000000084000003) TDO (0027100000000080000001) ;
RUNTEST 1 TCK;
SDR 82 TDI (0027250901250185010103) TDO (0027208000000084000001) ;
RUNTEST 1 TCK;
SDR 82 TDI (0027284000000000000003) TDO (0027250901250185010101) ;
RUNTEST 1 TCK;
SDR 82 TDI (00272c0000000010000003) TDO (0027284000000000000001) ;
RUNTEST 1 TCK;
SDR 82 TDI (0027300000000010000003) TDO (00272c0000000010000001) ;
RUNTEST 1 TCK;
SDR 82 TDI (0027400000000000000003) TDO (0027300000000010000001) ;
RUNTEST 1 TCK;
SDR 82 TDI (0027440000300000000003) TDO (0027400000000000000001) ;
RUNTEST 1 TCK;
SDR 82 TDI (0027488000000000000003) TDO (0027440000300000000001) ;
RUNTEST 1 TCK;
SDR 82 TDI (00274c8000000000000003) TDO (0027488000000000000001) ;
RUNTEST 1 TCK;
SDR 82 TDI (0027500000000000000003) TDO (00274c8000000000000001) ;
RUNTEST 1 TCK;
SDR 82 TDI (0027800000000000700003) TDO (0027500000000000000001) ;
RUNTEST 1 TCK;
SDR 82 TDI (0027840800000040000003) TDO (0027800000000000700001) ;
RUNTEST 1 TCK;
SDR 82 TDI (0027880800000020000003) TDO (0027840800000040000001) ;
RUNTEST 1 TCK;
SDR 82 TDI (00278c1000000000000003) TDO (0027880800000020000001) ;
RUNTEST 1 TCK;
SDR 82 TDI (0027901000000020000003) TDO (00278c1000000000000001) ;
RUNTEST 1 TCK;
SDR 82 TDI (0027a02080000020340003) TDO (0027901000000020000001) ;
RUNTEST 1 TCK;
SDR 82 TDI (0027a4b000000020000023) TDO (0027a02080000020340001) ;
RUNTEST 1 TCK;
SDR 82 TDI (0027a89000000084000003) TDO (0027a4b000000020000021) ;
RUNTEST 1 TCK;
SDR 82 TDI (0027ac9000000084000003) TDO (0027a89000000084000001) ;
RUNTEST 1 TCK;
SDR 82 TDI (0027b00000000000000003) TDO (0027ac9000000084000001) ;
RUNTEST 1 TCK;
SDR 82 TDI (0027c04000000000280003) TDO (0027b00000000000000001) ;
RUNTEST 1 TCK;
SDR 82 TDI (0027c41000004008000003) TDO (0027c04000000000280001) ;
RUNTEST 1 TCK;
SDR 82 TDI (0027c85000000008000003) TDO (0027c41000004008000001) ;
RUNTEST 1 TCK;
SDR 82 TDI (0027cc1000000020000003) TDO (0027c85000000008000001) ;
RUNTEST 1 TCK;
SDR 82 TDI (0027d03800000030000003) TDO (0027cc1000000020000001) ;
RUNTEST 1 TCK;
SDR 82 TDI (0028000000000000000003) TDO (0027d03800000030000001) ;
RUNTEST 1 TCK;
SDR 82 TDI (0028040000000000000003) TDO (0028000000000000000001) ;
RUNTEST 1 TCK;
SDR 82 TDI (0028080000000000000003) TDO (0028040000000000000001) ;
RUNTEST 1 TCK;
SDR 82 TDI (00280c0000000000000003) TDO (0028080000000000000001) ;
RUNTEST 1 TCK;
SDR 82 TDI (0028100000000000000003) TDO (00280c0000000000000001) ;
RUNTEST 1 TCK;
SDR 82 TDI (0028200000000000000003) TDO (0028100000000000000001) ;
RUNTEST 1 TCK;
SDR 82 TDI (0028240000000000000003) TDO (0028200000000000000001) ;
RUNTEST 1 TCK;
SDR 82 TDI (0028280000000000000003) TDO (0028240000000000000001) ;
RUNTEST 1 TCK;
SDR 82 TDI (00282c0000000000000003) TDO (0028280000000000000001) ;
RUNTEST 1 TCK;
SDR 82 TDI (0028300000000000000003) TDO (00282c0000000000000001) ;
RUNTEST 1 TCK;
SDR 82 TDI (0028400080000000000003) TDO (0028300000000000000001) ;
RUNTEST 1 TCK;
SDR 82 TDI (0028440000000000000003) TDO (0028400080000000000001) ;
RUNTEST 1 TCK;
SDR 82 TDI (0028480000000000000003) TDO (0028440000000000000001) ;
RUNTEST 1 TCK;
SDR 82 TDI (00284c0000000000000003) TDO (0028480000000000000001) ;
RUNTEST 1 TCK;
SDR 82 TDI (0028500000000000000003) TDO (00284c0000000000000001) ;
RUNTEST 1 TCK;
SDR 82 TDI (0028800000000000000003) TDO (0028500000000000000001) ;
RUNTEST 1 TCK;
SDR 82 TDI (0028840000000000000003) TDO (0028800000000000000001) ;
RUNTEST 1 TCK;
SDR 82 TDI (0028880000000000000003) TDO (0028840000000000000001) ;
RUNTEST 1 TCK;
SDR 82 TDI (00288c0000000000000003) TDO (0028880000000000000001) ;
RUNTEST 1 TCK;
SDR 82 TDI (0028900000000000000003) TDO (00288c0000000000000001) ;
RUNTEST 1 TCK;
SDR 82 TDI (0028a00000000000000003) TDO (0028900000000000000001) ;
RUNTEST 1 TCK;
SDR 82 TDI (0028a40000000000000003) TDO (0028a00000000000000001) ;
RUNTEST 1 TCK;
SDR 82 TDI (0028a80000040000000003) TDO (0028a40000000000000001) ;
RUNTEST 1 TCK;
SDR 82 TDI (0028ac0000000000000003) TDO (0028a80000040000000001) ;
RUNTEST 1 TCK;
SDR 82 TDI (0028b00000000000000003) TDO (0028ac0000000000000001) ;
RUNTEST 1 TCK;
SDR 82 TDI (0028c00000000000000003) TDO (0028b00000000000000001) ;
RUNTEST 1 TCK;
SDR 82 TDI (0028c40000000000000003) TDO (0028c00000000000000001) ;
RUNTEST 1 TCK;
SDR 82 TDI (0028c80000000000000003) TDO (0028c40000000000000001) ;
RUNTEST 1 TCK;
SDR 82 TDI (0028cc0000000000000003) TDO (0028c80000000000000001) ;
RUNTEST 1 TCK;
SDR 82 TDI (0028d00000000000000003) TDO (0028cc0000000000000001) ;
RUNTEST 1 TCK;
SDR 82 TDI (0029000000000000000003) TDO (0028d00000000000000001) ;
RUNTEST 1 TCK;
SDR 82 TDI (0029040000000000000003) TDO (0029000000000000000001) ;
RUNTEST 1 TCK;
SDR 82 TDI (0029080000000000000003) TDO (0029040000000000000001) ;
RUNTEST 1 TCK;
SDR 82 TDI (00290c0000000000000003) TDO (0029080000000000000001) ;
RUNTEST 1 TCK;
SDR 82 TDI (0029100000000000000003) TDO (00290c0000000000000001) ;
RUNTEST 1 TCK;
SDR 82 TDI (0029200000000000000003) TDO (0029100000000000000001) ;
RUNTEST 1 TCK;
SDR 82 TDI (0029240000000000000003) TDO (0029200000000000000001) ;
RUNTEST 1 TCK;
SDR 82 TDI (0029280000000000000003) TDO (0029240000000000000001) ;
RUNTEST 1 TCK;
SDR 82 TDI (00292c0000000000000003) TDO (0029280000000000000001) ;
RUNTEST 1 TCK;
SDR 82 TDI (0029300000000000000003) TDO (00292c0000000000000001) ;
RUNTEST 1 TCK;
SDR 82 TDI (0029400000000000000003) TDO (0029300000000000000001) ;
RUNTEST 1 TCK;
SDR 82 TDI (0029444000000000000003) TDO (0029400000000000000001) ;
RUNTEST 1 TCK;
SDR 82 TDI (0029480000000000000003) TDO (0029444000000000000001) ;
RUNTEST 1 TCK;
SDR 82 TDI (00294c0000000000000003) TDO (0029480000000000000001) ;
RUNTEST 1 TCK;
SDR 82 TDI (0029500000000000000003) TDO (00294c0000000000000001) ;
RUNTEST 1 TCK;
SDR 82 TDI (0029800000000000000003) TDO (0029500000000000000001) ;
RUNTEST 1 TCK;
SDR 82 TDI (0029840000000000000003) TDO (0029800000000000000001) ;
RUNTEST 1 TCK;
SDR 82 TDI (0029880000000000000003) TDO (0029840000000000000001) ;
RUNTEST 1 TCK;
SDR 82 TDI (00298c0000000000000003) TDO (0029880000000000000001) ;
RUNTEST 1 TCK;
SDR 82 TDI (0029900000000000000003) TDO (00298c0000000000000001) ;
RUNTEST 1 TCK;
SDR 82 TDI (0029a00000000000000003) TDO (0029900000000000000001) ;
RUNTEST 1 TCK;
SDR 82 TDI (0029a40000000000000003) TDO (0029a00000000000000001) ;
RUNTEST 1 TCK;
SDR 82 TDI (0029a80000000000000003) TDO (0029a40000000000000001) ;
RUNTEST 1 TCK;
SDR 82 TDI (0029ac0000000000000003) TDO (0029a80000000000000001) ;
RUNTEST 1 TCK;
SDR 82 TDI (0029b00000000000000003) TDO (0029ac0000000000000001) ;
RUNTEST 1 TCK;
SDR 82 TDI (0029c00000000000000003) TDO (0029b00000000000000001) ;
RUNTEST 1 TCK;
SDR 82 TDI (0029c40000000000000003) TDO (0029c00000000000000001) ;
RUNTEST 1 TCK;
SDR 82 TDI (0029c80000000000000003) TDO (0029c40000000000000001) ;
RUNTEST 1 TCK;
SDR 82 TDI (0029cc0000000000000003) TDO (0029c80000000000000001) ;
RUNTEST 1 TCK;
SDR 82 TDI (0029d00000000000000003) TDO (0029cc0000000000000001) ;
RUNTEST 1 TCK;
SDR 82 TDI (002a000000000000000003) TDO (0029d00000000000000001) ;
RUNTEST 1 TCK;
SDR 82 TDI (002a040000000000000003) TDO (002a000000000000000001) ;
RUNTEST 1 TCK;
SDR 82 TDI (002a080000000000000003) TDO (002a040000000000000001) ;
RUNTEST 1 TCK;
SDR 82 TDI (002a0c0000000000000003) TDO (002a080000000000000001) ;
RUNTEST 1 TCK;
SDR 82 TDI (002a100000000000000003) TDO (002a0c0000000000000001) ;
RUNTEST 1 TCK;
SDR 82 TDI (002a20002c000000000003) TDO (002a100000000000000001) ;
RUNTEST 1 TCK;
SDR 82 TDI (002a240010400000000003) TDO (002a20002c000000000001) ;
RUNTEST 1 TCK;
SDR 82 TDI (002a280000000000000003) TDO (002a240010400000000001) ;
RUNTEST 1 TCK;
SDR 82 TDI (002a2c0000000040000003) TDO (002a280000000000000001) ;
RUNTEST 1 TCK;
SDR 82 TDI (002a300000000000000003) TDO (002a2c0000000040000001) ;
RUNTEST 1 TCK;
SDR 82 TDI (002a400010000000000003) TDO (002a300000000000000001) ;
RUNTEST 1 TCK;
SDR 82 TDI (002a440008000000000003) TDO (002a400010000000000001) ;
RUNTEST 1 TCK;
SDR 82 TDI (002a480000000000000003) TDO (002a440008000000000001) ;
RUNTEST 1 TCK;
SDR 82 TDI (002a4c0000000000000003) TDO (002a480000000000000001) ;
RUNTEST 1 TCK;
SDR 82 TDI (002a500000000000000003) TDO (002a4c0000000000000001) ;
RUNTEST 1 TCK;
SDR 82 TDI (002a800000000000000003) TDO (002a500000000000000001) ;
RUNTEST 1 TCK;
SDR 82 TDI (002a840000000000000003) TDO (002a800000000000000001) ;
RUNTEST 1 TCK;
SDR 82 TDI (002a880000000000000003) TDO (002a840000000000000001) ;
RUNTEST 1 TCK;
SDR 82 TDI (002a8c0000000000000003) TDO (002a880000000000000001) ;
RUNTEST 1 TCK;
SDR 82 TDI (002a900000000020000003) TDO (002a8c0000000000000001) ;
RUNTEST 1 TCK;
SDR 82 TDI (002aa00010000000000003) TDO (002a900000000020000001) ;
RUNTEST 1 TCK;
SDR 82 TDI (002aa4002c000000000003) TDO (002aa00010000000000001) ;
RUNTEST 1 TCK;
SDR 82 TDI (002aa80000000000000003) TDO (002aa4002c000000000001) ;
RUNTEST 1 TCK;
SDR 82 TDI (002aac0000000000000003) TDO (002aa80000000000000001) ;
RUNTEST 1 TCK;
SDR 82 TDI (002ab00000000000000003) TDO (002aac0000000000000001) ;
RUNTEST 1 TCK;
SDR 82 TDI (002ac00008000000000003) TDO (002ab00000000000000001) ;
RUNTEST 1 TCK;
SDR 82 TDI (002ac40010001020000003) TDO (002ac00008000000000001) ;
RUNTEST 1 TCK;
SDR 82 TDI (002ac80000000030000003) TDO (002ac40010001020000001) ;
RUNTEST 1 TCK;
SDR 82 TDI (002acc0000000030000003) TDO (002ac80000000030000001) ;
RUNTEST 1 TCK;
SDR 82 TDI (002ad00000000030000003) TDO (002acc0000000030000001) ;
RUNTEST 1 TCK;
SDR 82 TDI (002b000000000000000003) TDO (002ad00000000030000001) ;
RUNTEST 1 TCK;
SDR 82 TDI (002b040000000000000003) TDO (002b000000000000000001) ;
RUNTEST 1 TCK;
SDR 82 TDI (002b080000000010000003) TDO (002b040000000000000001) ;
RUNTEST 1 TCK;
SDR 82 TDI (002b0c0000004000000003) TDO (002b080000000010000001) ;
RUNTEST 1 TCK;
SDR 82 TDI (002b100000004000000003) TDO (002b0c0000004000000001) ;
RUNTEST 1 TCK;
SDR 82 TDI (002b200000000000000003) TDO (002b100000004000000001) ;
RUNTEST 1 TCK;
SDR 82 TDI (002b240000000000000003) TDO (002b200000000000000001) ;
RUNTEST 1 TCK;
SDR 82 TDI (002b280000000000000003) TDO (002b240000000000000001) ;
RUNTEST 1 TCK;
SDR 82 TDI (002b2c0000004000000003) TDO (002b280000000000000001) ;
RUNTEST 1 TCK;
SDR 82 TDI (002b300000004000000003) TDO (002b2c0000004000000001) ;
RUNTEST 1 TCK;
SDR 82 TDI (002b400000000000000003) TDO (002b300000004000000001) ;
RUNTEST 1 TCK;
SDR 82 TDI (002b440000000000000003) TDO (002b400000000000000001) ;
RUNTEST 1 TCK;
SDR 82 TDI (002b480000000000000003) TDO (002b440000000000000001) ;
RUNTEST 1 TCK;
SDR 82 TDI (002b4c0000000000000003) TDO (002b480000000000000001) ;
RUNTEST 1 TCK;
SDR 82 TDI (002b500000000000000003) TDO (002b4c0000000000000001) ;
RUNTEST 1 TCK;
SDR 82 TDI (002b800000004000000003) TDO (002b500000000000000001) ;
RUNTEST 1 TCK;
SDR 82 TDI (002b840000004000000003) TDO (002b800000004000000001) ;
RUNTEST 1 TCK;
SDR 82 TDI (002b880000004000000003) TDO (002b840000004000000001) ;
RUNTEST 1 TCK;
SDR 82 TDI (002b8c0000000000000003) TDO (002b880000004000000001) ;
RUNTEST 1 TCK;
SDR 82 TDI (002b900000000000000003) TDO (002b8c0000000000000001) ;
RUNTEST 1 TCK;
SDR 82 TDI (002ba00000400000000003) TDO (002b900000000000000001) ;
RUNTEST 1 TCK;
SDR 82 TDI (002ba40000000000000003) TDO (002ba00000400000000001) ;
RUNTEST 1 TCK;
SDR 82 TDI (002ba80000004000000003) TDO (002ba40000000000000001) ;
RUNTEST 1 TCK;
SDR 82 TDI (002bac0000000000000043) TDO (002ba80000004000000001) ;
RUNTEST 1 TCK;
SDR 82 TDI (002bb00000000000000003) TDO (002bac0000000000000041) ;
RUNTEST 1 TCK;
SDR 82 TDI (002bc00000000000000003) TDO (002bb00000000000000001) ;
RUNTEST 1 TCK;
SDR 82 TDI (002bc40000000000000003) TDO (002bc00000000000000001) ;
RUNTEST 1 TCK;
SDR 82 TDI (002bc80000000000000003) TDO (002bc40000000000000001) ;
RUNTEST 1 TCK;
SDR 82 TDI (002bcc0000040000000003) TDO (002bc80000000000000001) ;
RUNTEST 1 TCK;
SDR 82 TDI (002bd00000000000000003) TDO (002bcc0000040000000001) ;
RUNTEST 1 TCK;
SDR 82 TDI (002c000000000000000003) TDO (002bd00000000000000001) ;
RUNTEST 1 TCK;
SDR 82 TDI (002c040000040000000003) TDO (002c000000000000000001) ;
RUNTEST 1 TCK;
SDR 82 TDI (002c082000000000000083) TDO (002c040000040000000001) ;
RUNTEST 1 TCK;
SDR 82 TDI (002c0c0000000000000003) TDO (002c082000000000000081) ;
RUNTEST 1 TCK;
SDR 82 TDI (002c100000000000000003) TDO (002c0c0000000000000001) ;
RUNTEST 1 TCK;
SDR 82 TDI (002c200000040000000003) TDO (002c100000000000000001) ;
RUNTEST 1 TCK;
SDR 82 TDI (002c240000000000000003) TDO (002c200000040000000001) ;
RUNTEST 1 TCK;
SDR 82 TDI (002c280000000000000003) TDO (002c240000000000000001) ;
RUNTEST 1 TCK;
SDR 82 TDI (002c2c0000000000000003) TDO (002c280000000000000001) ;
RUNTEST 1 TCK;
SDR 82 TDI (002c300000800000000003) TDO (002c2c0000000000000001) ;
RUNTEST 1 TCK;
SDR 82 TDI (002c400000000000000003) TDO (002c300000800000000001) ;
RUNTEST 1 TCK;
SDR 82 TDI (002c440800000000000003) TDO (002c400000000000000001) ;
RUNTEST 1 TCK;
SDR 82 TDI (002c480000000000000003) TDO (002c440800000000000001) ;
RUNTEST 1 TCK;
SDR 82 TDI (002c4c0000000000000003) TDO (002c480000000000000001) ;
RUNTEST 1 TCK;
SDR 82 TDI (002c500000000000000003) TDO (002c4c0000000000000001) ;
RUNTEST 1 TCK;
SDR 82 TDI (002c800000000000000083) TDO (002c500000000000000001) ;
RUNTEST 1 TCK;
SDR 82 TDI (002c840000000000000083) TDO (002c800000000000000081) ;
RUNTEST 1 TCK;
SDR 82 TDI (002c884000000000000003) TDO (002c840000000000000081) ;
RUNTEST 1 TCK;
SDR 82 TDI (002c8c6000000000000003) TDO (002c884000000000000001) ;
RUNTEST 1 TCK;
SDR 82 TDI (002c906000000000000003) TDO (002c8c6000000000000001) ;
RUNTEST 1 TCK;
SDR 82 TDI (002ca00408000020000003) TDO (002c906000000000000001) ;
RUNTEST 1 TCK;
SDR 82 TDI (002ca40400000020000003) TDO (002ca00408000020000001) ;
RUNTEST 1 TCK;
SDR 82 TDI (002ca80400040000000003) TDO (002ca40400000020000001) ;
RUNTEST 1 TCK;
SDR 82 TDI (002cac0400000000000003) TDO (002ca80400040000000001) ;
RUNTEST 1 TCK;
SDR 82 TDI (002cb08400000000000003) TDO (002cac0400000000000001) ;
RUNTEST 1 TCK;
SDR 82 TDI (002cc01000000000000003) TDO (002cb08400000000000001) ;
RUNTEST 1 TCK;
SDR 82 TDI (002cc48000000000000003) TDO (002cc01000000000000001) ;
RUNTEST 1 TCK;
SDR 82 TDI (002cc88800000000000003) TDO (002cc48000000000000001) ;
RUNTEST 1 TCK;
SDR 82 TDI (002cccc800000000000003) TDO (002cc88800000000000001) ;
RUNTEST 1 TCK;
SDR 82 TDI (002cd0c000000000000003) TDO (002cccc800000000000001) ;
RUNTEST 1 TCK;
SDR 82 TDI (002d000000000000000003) TDO (002cd0c000000000000001) ;
RUNTEST 1 TCK;
SDR 82 TDI (002d040000000000000003) TDO (002d000000000000000001) ;
RUNTEST 1 TCK;
SDR 82 TDI (002d080000000000000003) TDO (002d040000000000000001) ;
RUNTEST 1 TCK;
SDR 82 TDI (002d0c0000000004000003) TDO (002d080000000000000001) ;
RUNTEST 1 TCK;
SDR 82 TDI (002d100000000004000003) TDO (002d0c0000000004000001) ;
RUNTEST 1 TCK;
SDR 82 TDI (002d200000000000000003) TDO (002d100000000004000001) ;
RUNTEST 1 TCK;
SDR 82 TDI (002d248000000000000003) TDO (002d200000000000000001) ;
RUNTEST 1 TCK;
SDR 82 TDI (002d280000000080000083) TDO (002d248000000000000001) ;
RUNTEST 1 TCK;
SDR 82 TDI (002d2c0000000080000003) TDO (002d280000000080000081) ;
RUNTEST 1 TCK;
SDR 82 TDI (002d308000000000000003) TDO (002d2c0000000080000001) ;
RUNTEST 1 TCK;
SDR 82 TDI (002d400000000000000003) TDO (002d308000000000000001) ;
RUNTEST 1 TCK;
SDR 82 TDI (002d440000000000000023) TDO (002d400000000000000001) ;
RUNTEST 1 TCK;
SDR 82 TDI (002d480000000000000003) TDO (002d440000000000000021) ;
RUNTEST 1 TCK;
SDR 82 TDI (002d4c0000000000000003) TDO (002d480000000000000001) ;
RUNTEST 1 TCK;
SDR 82 TDI (002d504000000000000003) TDO (002d4c0000000000000001) ;
RUNTEST 1 TCK;
SDR 82 TDI (002d800000000000000003) TDO (002d504000000000000001) ;
RUNTEST 1 TCK;
SDR 82 TDI (002d840000000000200003) TDO (002d800000000000000001) ;
RUNTEST 1 TCK;
SDR 82 TDI (002d880000000000000003) TDO (002d840000000000200001) ;
RUNTEST 1 TCK;
SDR 82 TDI (002d8c1000000000000003) TDO (002d880000000000000001) ;
RUNTEST 1 TCK;
SDR 82 TDI (002d901000000000000003) TDO (002d8c1000000000000001) ;
RUNTEST 1 TCK;
SDR 82 TDI (002da020000004000000a3) TDO (002d901000000000000001) ;
RUNTEST 1 TCK;
SDR 82 TDI (002da42000000000000023) TDO (002da020000004000000a1) ;
RUNTEST 1 TCK;
SDR 82 TDI (002da88000000000000003) TDO (002da42000000000000021) ;
RUNTEST 1 TCK;
SDR 82 TDI (002dac8000000000000003) TDO (002da88000000000000001) ;
RUNTEST 1 TCK;
SDR 82 TDI (002db00000000000000003) TDO (002dac8000000000000001) ;
RUNTEST 1 TCK;
SDR 82 TDI (002dc04008000000000003) TDO (002db00000000000000001) ;
RUNTEST 1 TCK;
SDR 82 TDI (002dc40000000000000043) TDO (002dc04008000000000001) ;
RUNTEST 1 TCK;
SDR 82 TDI (002dc84000000000000003) TDO (002dc40000000000000041) ;
RUNTEST 1 TCK;
SDR 82 TDI (002dcc0000000000000003) TDO (002dc84000000000000001) ;
RUNTEST 1 TCK;
SDR 82 TDI (002dd00000000000000003) TDO (002dcc0000000000000001) ;
RUNTEST 1 TCK;
SDR 82 TDI (002e000000049400000023) TDO (002dd00000000000000001) ;
RUNTEST 1 TCK;
SDR 82 TDI (002e0400000c9400200023) TDO (002e000000049400000021) ;
RUNTEST 1 TCK;
SDR 82 TDI (002e080000009400000003) TDO (002e0400000c9400200021) ;
RUNTEST 1 TCK;
SDR 82 TDI (002e0c0000009400000003) TDO (002e080000009400000001) ;
RUNTEST 1 TCK;
SDR 82 TDI (002e100040009400000003) TDO (002e0c0000009400000001) ;
RUNTEST 1 TCK;
SDR 82 TDI (002e200000009000000003) TDO (002e100040009400000001) ;
RUNTEST 1 TCK;
SDR 82 TDI (002e240000089000000003) TDO (002e200000009000000001) ;
RUNTEST 1 TCK;
SDR 82 TDI (002e280040809000000003) TDO (002e240000089000000001) ;
RUNTEST 1 TCK;
SDR 82 TDI (002e2c0040001000000003) TDO (002e280040809000000001) ;
RUNTEST 1 TCK;
SDR 82 TDI (002e300040801000000003) TDO (002e2c0040001000000001) ;
RUNTEST 1 TCK;
SDR 82 TDI (002e400000800800000003) TDO (002e300040801000000001) ;
RUNTEST 1 TCK;
SDR 82 TDI (002e440000808800000003) TDO (002e400000800800000001) ;
RUNTEST 1 TCK;
SDR 82 TDI (002e48000080c000000003) TDO (002e440000808800000001) ;
RUNTEST 1 TCK;
SDR 82 TDI (002e4c000080c000000003) TDO (002e48000080c000000001) ;
RUNTEST 1 TCK;
SDR 82 TDI (002e50000080c000000003) TDO (002e4c000080c000000001) ;
RUNTEST 1 TCK;
SDR 82 TDI (002e800000000000000003) TDO (002e50000080c000000001) ;
RUNTEST 1 TCK;
SDR 82 TDI (002e840000000000000003) TDO (002e800000000000000001) ;
RUNTEST 1 TCK;
SDR 82 TDI (002e880000002000000003) TDO (002e840000000000000001) ;
RUNTEST 1 TCK;
SDR 82 TDI (002e8c0000000000000003) TDO (002e880000002000000001) ;
RUNTEST 1 TCK;
SDR 82 TDI (002e900000000000000003) TDO (002e8c0000000000000001) ;
RUNTEST 1 TCK;
SDR 82 TDI (002ea00040000000000013) TDO (002e900000000000000001) ;
RUNTEST 1 TCK;
SDR 82 TDI (002ea40000800000000003) TDO (002ea00040000000000011) ;
RUNTEST 1 TCK;
SDR 82 TDI (002ea80000000000000003) TDO (002ea40000800000000001) ;
RUNTEST 1 TCK;
SDR 82 TDI (002eac0000200000000003) TDO (002ea80000000000000001) ;
RUNTEST 1 TCK;
SDR 82 TDI (002eb00000000000000003) TDO (002eac0000200000000001) ;
RUNTEST 1 TCK;
SDR 82 TDI (002ec00000008000000013) TDO (002eb00000000000000001) ;
RUNTEST 1 TCK;
SDR 82 TDI (002ec40000000000000003) TDO (002ec00000008000000011) ;
RUNTEST 1 TCK;
SDR 82 TDI (002ec80000200400000003) TDO (002ec40000000000000001) ;
RUNTEST 1 TCK;
SDR 82 TDI (002ecc0000100000000003) TDO (002ec80000200400000001) ;
RUNTEST 1 TCK;
SDR 82 TDI (002ed00000000000000003) TDO (002ecc0000100000000001) ;
RUNTEST 1 TCK;
SDR 82 TDI (002f000000000800000003) TDO (002ed00000000000000001) ;
RUNTEST 1 TCK;
SDR 82 TDI (002f040000000080000003) TDO (002f000000000800000001) ;
RUNTEST 1 TCK;
SDR 82 TDI (002f080000000000000003) TDO (002f040000000080000001) ;
RUNTEST 1 TCK;
SDR 82 TDI (002f0c0000200000000003) TDO (002f080000000000000001) ;
RUNTEST 1 TCK;
SDR 82 TDI (002f100000002000000003) TDO (002f0c0000200000000001) ;
RUNTEST 1 TCK;
SDR 82 TDI (002f200000000000800003) TDO (002f100000002000000001) ;
RUNTEST 1 TCK;
SDR 82 TDI (002f240000002400000003) TDO (002f200000000000800001) ;
RUNTEST 1 TCK;
SDR 82 TDI (002f280000200004000003) TDO (002f240000002400000001) ;
RUNTEST 1 TCK;
SDR 82 TDI (002f2c0000b00004000003) TDO (002f280000200004000001) ;
RUNTEST 1 TCK;
SDR 82 TDI (002f300000200004000003) TDO (002f2c0000b00004000001) ;
RUNTEST 1 TCK;
SDR 82 TDI (002f400000200000000003) TDO (002f300000200004000001) ;
RUNTEST 1 TCK;
SDR 82 TDI (002f440000000000000003) TDO (002f400000200000000001) ;
RUNTEST 1 TCK;
SDR 82 TDI (002f480000300000000003) TDO (002f440000000000000001) ;
RUNTEST 1 TCK;
SDR 82 TDI (002f4c00003000c0000003) TDO (002f480000300000000001) ;
RUNTEST 1 TCK;
SDR 82 TDI (002f500000100400000003) TDO (002f4c00003000c0000001) ;
RUNTEST 1 TCK;
SDR 82 TDI (002f80000000d480000003) TDO (002f500000100400000001) ;
RUNTEST 1 TCK;
SDR 82 TDI (002f84000004d400200003) TDO (002f80000000d480000001) ;
RUNTEST 1 TCK;
SDR 82 TDI (002f88000000d004000003) TDO (002f84000004d400200001) ;
RUNTEST 1 TCK;
SDR 82 TDI (002f8c000000d404000003) TDO (002f88000000d004000001) ;
RUNTEST 1 TCK;
SDR 82 TDI (002f90000000d404000003) TDO (002f8c000000d404000001) ;
RUNTEST 1 TCK;
SDR 82 TDI (002fa00010009020000003) TDO (002f90000000d404000001) ;
RUNTEST 1 TCK;
SDR 82 TDI (002fa40000009020000003) TDO (002fa00010009020000001) ;
RUNTEST 1 TCK;
SDR 82 TDI (002fa80000805080100003) TDO (002fa40000009020000001) ;
RUNTEST 1 TCK;
SDR 82 TDI (002fac0000005080000003) TDO (002fa80000805080100001) ;
RUNTEST 1 TCK;
SDR 82 TDI (002fb00000005000000003) TDO (002fac0000005080000001) ;
RUNTEST 1 TCK;
SDR 82 TDI (002fc00000000800000003) TDO (002fb00000005000000001) ;
RUNTEST 1 TCK;
SDR 82 TDI (002fc40000000808000003) TDO (002fc00000000800000001) ;
RUNTEST 1 TCK;
SDR 82 TDI (002fc800000040c0100003) TDO (002fc40000000808000001) ;
RUNTEST 1 TCK;
SDR 82 TDI (002fcc0000804000000003) TDO (002fc800000040c0100001) ;
RUNTEST 1 TCK;
SDR 82 TDI (002fd00000804000000003) TDO (002fcc0000804000000001) ;
RUNTEST 1 TCK;
SDR 82 TDI (0030000000000000000003) TDO (002fd00000804000000001) ;
RUNTEST 1 TCK;
SDR 82 TDI (0030040000000000000003) TDO (0030000000000000000001) ;
RUNTEST 1 TCK;
SDR 82 TDI (0030080000000000000003) TDO (0030040000000000000001) ;
RUNTEST 1 TCK;
SDR 82 TDI (00300c0040000000000003) TDO (0030080000000000000001) ;
RUNTEST 1 TCK;
SDR 82 TDI (0030100000000000000003) TDO (00300c0040000000000001) ;
RUNTEST 1 TCK;
SDR 82 TDI (0030200000000000000003) TDO (0030100000000000000001) ;
RUNTEST 1 TCK;
SDR 82 TDI (0030240000000000000003) TDO (0030200000000000000001) ;
RUNTEST 1 TCK;
SDR 82 TDI (0030280000000080000003) TDO (0030240000000000000001) ;
RUNTEST 1 TCK;
SDR 82 TDI (00302c0000000080000003) TDO (0030280000000080000001) ;
RUNTEST 1 TCK;
SDR 82 TDI (0030300000000000000003) TDO (00302c0000000080000001) ;
RUNTEST 1 TCK;
SDR 82 TDI (0030400000400000000003) TDO (0030300000000000000001) ;
RUNTEST 1 TCK;
SDR 82 TDI (0030440000000000000003) TDO (0030400000400000000001) ;
RUNTEST 1 TCK;
SDR 82 TDI (0030480000000000000003) TDO (0030440000000000000001) ;
RUNTEST 1 TCK;
SDR 82 TDI (00304c0000000000000003) TDO (0030480000000000000001) ;
RUNTEST 1 TCK;
SDR 82 TDI (0030500000000000000003) TDO (00304c0000000000000001) ;
RUNTEST 1 TCK;
SDR 82 TDI (0030800000000000000003) TDO (0030500000000000000001) ;
RUNTEST 1 TCK;
SDR 82 TDI (0030840000000000000003) TDO (0030800000000000000001) ;
RUNTEST 1 TCK;
SDR 82 TDI (0030880000000004000003) TDO (0030840000000000000001) ;
RUNTEST 1 TCK;
SDR 82 TDI (00308c0000000000000003) TDO (0030880000000004000001) ;
RUNTEST 1 TCK;
SDR 82 TDI (0030900000000000000003) TDO (00308c0000000000000001) ;
RUNTEST 1 TCK;
SDR 82 TDI (0030a00000000000008003) TDO (0030900000000000000001) ;
RUNTEST 1 TCK;
SDR 82 TDI (0030a40000000000000003) TDO (0030a00000000000008001) ;
RUNTEST 1 TCK;
SDR 82 TDI (0030a80000000000000003) TDO (0030a40000000000000001) ;
RUNTEST 1 TCK;
SDR 82 TDI (0030ac0000000000000003) TDO (0030a80000000000000001) ;
RUNTEST 1 TCK;
SDR 82 TDI (0030b00000000000000003) TDO (0030ac0000000000000001) ;
RUNTEST 1 TCK;
SDR 82 TDI (0030c0000000000000000b) TDO (0030b00000000000000001) ;
RUNTEST 1 TCK;
SDR 82 TDI (0030c40000000000000003) TDO (0030c00000000000000009) ;
RUNTEST 1 TCK;
SDR 82 TDI (0030c80000000080000003) TDO (0030c40000000000000001) ;
RUNTEST 1 TCK;
SDR 82 TDI (0030cc0000000000000003) TDO (0030c80000000080000001) ;
RUNTEST 1 TCK;
SDR 82 TDI (0030d00000000000000003) TDO (0030cc0000000000000001) ;
RUNTEST 1 TCK;
SDR 82 TDI (0031000010000000000003) TDO (0030d00000000000000001) ;
RUNTEST 1 TCK;
SDR 82 TDI (0031040000000000000003) TDO (0031000010000000000001) ;
RUNTEST 1 TCK;
SDR 82 TDI (0031080000200000000003) TDO (0031040000000000000001) ;
RUNTEST 1 TCK;
SDR 82 TDI (00310c0000000000000003) TDO (0031080000200000000001) ;
RUNTEST 1 TCK;
SDR 82 TDI (0031100000000000000003) TDO (00310c0000000000000001) ;
RUNTEST 1 TCK;
SDR 82 TDI (0031200000000800000003) TDO (0031100000000000000001) ;
RUNTEST 1 TCK;
SDR 82 TDI (0031240000400000000083) TDO (0031200000000800000001) ;
RUNTEST 1 TCK;
SDR 82 TDI (0031280000100000000003) TDO (0031240000400000000081) ;
RUNTEST 1 TCK;
SDR 82 TDI (00312c0000000000000003) TDO (0031280000100000000001) ;
RUNTEST 1 TCK;
SDR 82 TDI (0031300000000800000003) TDO (00312c0000000000000001) ;
RUNTEST 1 TCK;
SDR 82 TDI (0031400020000000000003) TDO (0031300000000800000001) ;
RUNTEST 1 TCK;
SDR 82 TDI (0031440020000000000003) TDO (0031400020000000000001) ;
RUNTEST 1 TCK;
SDR 82 TDI (0031480000000000000003) TDO (0031440020000000000001) ;
RUNTEST 1 TCK;
SDR 82 TDI (00314c0000000000000003) TDO (0031480000000000000001) ;
RUNTEST 1 TCK;
SDR 82 TDI (0031500000000000000003) TDO (00314c0000000000000001) ;
RUNTEST 1 TCK;
SDR 82 TDI (0031804000000000000003) TDO (0031500000000000000001) ;
RUNTEST 1 TCK;
SDR 82 TDI (0031840000200000000003) TDO (0031804000000000000001) ;
RUNTEST 1 TCK;
SDR 82 TDI (0031880000000000000003) TDO (0031840000200000000001) ;
RUNTEST 1 TCK;
SDR 82 TDI (00318c0000000000000003) TDO (0031880000000000000001) ;
RUNTEST 1 TCK;
SDR 82 TDI (0031900000000000000003) TDO (00318c0000000000000001) ;
RUNTEST 1 TCK;
SDR 82 TDI (0031a00000000000000023) TDO (0031900000000000000001) ;
RUNTEST 1 TCK;
SDR 82 TDI (0031a40000100820100023) TDO (0031a00000000000000021) ;
RUNTEST 1 TCK;
SDR 82 TDI (0031a80000000000000003) TDO (0031a40000100820100021) ;
RUNTEST 1 TCK;
SDR 82 TDI (0031ac0000000000000003) TDO (0031a80000000000000001) ;
RUNTEST 1 TCK;
SDR 82 TDI (0031b00000000000000003) TDO (0031ac0000000000000001) ;
RUNTEST 1 TCK;
SDR 82 TDI (0031c00000000000000063) TDO (0031b00000000000000001) ;
RUNTEST 1 TCK;
SDR 82 TDI (0031c40000000000000023) TDO (0031c00000000000000061) ;
RUNTEST 1 TCK;
SDR 82 TDI (0031c80000000000000003) TDO (0031c40000000000000021) ;
RUNTEST 1 TCK;
SDR 82 TDI (0031cc0000000000000003) TDO (0031c80000000000000001) ;
RUNTEST 1 TCK;
SDR 82 TDI (0031d00000000000000003) TDO (0031cc0000000000000001) ;
RUNTEST 1 TCK;
SDR 82 TDI (0032000040001000000003) TDO (0031d00000000000000001) ;
RUNTEST 1 TCK;
SDR 82 TDI (0032040040001000000003) TDO (0032000040001000000001) ;
RUNTEST 1 TCK;
SDR 82 TDI (0032080040000010000003) TDO (0032040040001000000001) ;
RUNTEST 1 TCK;
SDR 82 TDI (00320c0040200000000003) TDO (0032080040000010000001) ;
RUNTEST 1 TCK;
SDR 82 TDI (0032100040000000000003) TDO (00320c0040200000000001) ;
RUNTEST 1 TCK;
SDR 82 TDI (0032200000881000400003) TDO (0032100040000000000001) ;
RUNTEST 1 TCK;
SDR 82 TDI (0032240080080000000003) TDO (0032200000881000400001) ;
RUNTEST 1 TCK;
SDR 82 TDI (0032280040200000000003) TDO (0032240080080000000001) ;
RUNTEST 1 TCK;
SDR 82 TDI (00322c0040300000000003) TDO (0032280040200000000001) ;
RUNTEST 1 TCK;
SDR 82 TDI (0032300040200000000003) TDO (00322c0040300000000001) ;
RUNTEST 1 TCK;
SDR 82 TDI (0032400080200800000003) TDO (0032300040200000000001) ;
RUNTEST 1 TCK;
SDR 82 TDI (0032440080000000000003) TDO (0032400080200800000001) ;
RUNTEST 1 TCK;
SDR 82 TDI (0032480080300000000003) TDO (0032440080000000000001) ;
RUNTEST 1 TCK;
SDR 82 TDI (00324c0080300000000003) TDO (0032480080300000000001) ;
RUNTEST 1 TCK;
SDR 82 TDI (0032500080100000000003) TDO (00324c0080300000000001) ;
RUNTEST 1 TCK;
SDR 82 TDI (00328040000000008c4003) TDO (0032500080100000000001) ;
RUNTEST 1 TCK;
SDR 82 TDI (0032840000000000800003) TDO (00328040000000008c4001) ;
RUNTEST 1 TCK;
SDR 82 TDI (0032880000001000000003) TDO (0032840000000000800001) ;
RUNTEST 1 TCK;
SDR 82 TDI (00328c0080001000000003) TDO (0032880000001000000001) ;
RUNTEST 1 TCK;
SDR 82 TDI (0032900000001000000003) TDO (00328c0080001000000001) ;
RUNTEST 1 TCK;
SDR 82 TDI (0032a00000000000080003) TDO (0032900000001000000001) ;
RUNTEST 1 TCK;
SDR 82 TDI (0032a40000001000000003) TDO (0032a00000000000080001) ;
RUNTEST 1 TCK;
SDR 82 TDI (0032a80000001000000003) TDO (0032a40000001000000001) ;
RUNTEST 1 TCK;
SDR 82 TDI (0032ac0000001000000003) TDO (0032a80000001000000001) ;
RUNTEST 1 TCK;
SDR 82 TDI (0032b00000001000000003) TDO (0032ac0000001000000001) ;
RUNTEST 1 TCK;
SDR 82 TDI (0032c00000000000400003) TDO (0032b00000001000000001) ;
RUNTEST 1 TCK;
SDR 82 TDI (0032c40000000800800003) TDO (0032c00000000000400001) ;
RUNTEST 1 TCK;
SDR 82 TDI (0032c80000000000000003) TDO (0032c40000000800800001) ;
RUNTEST 1 TCK;
SDR 82 TDI (0032cc0000000000000003) TDO (0032c80000000000000001) ;
RUNTEST 1 TCK;
SDR 82 TDI (0032d00000000000000003) TDO (0032cc0000000000000001) ;
RUNTEST 1 TCK;
SDR 82 TDI (0033000000000000000003) TDO (0032d00000000000000001) ;
RUNTEST 1 TCK;
SDR 82 TDI (0033040000000000000003) TDO (0033000000000000000001) ;
RUNTEST 1 TCK;
SDR 82 TDI (0033084000000000000083) TDO (0033040000000000000001) ;
RUNTEST 1 TCK;
SDR 82 TDI (00330c4000000000000003) TDO (0033084000000000000081) ;
RUNTEST 1 TCK;
SDR 82 TDI (0033104000000000000003) TDO (00330c4000000000000001) ;
RUNTEST 1 TCK;
SDR 82 TDI (0033200400000008000003) TDO (0033104000000000000001) ;
RUNTEST 1 TCK;
SDR 82 TDI (0033240400100000000003) TDO (0033200400000008000001) ;
RUNTEST 1 TCK;
SDR 82 TDI (0033280400000000000003) TDO (0033240400100000000001) ;
RUNTEST 1 TCK;
SDR 82 TDI (00332c0400000000000003) TDO (0033280400000000000001) ;
RUNTEST 1 TCK;
SDR 82 TDI (0033308400000000000003) TDO (00332c0400000000000001) ;
RUNTEST 1 TCK;
SDR 82 TDI (0033400000000000000003) TDO (0033308400000000000001) ;
RUNTEST 1 TCK;
SDR 82 TDI (0033448020000000000003) TDO (0033400000000000000001) ;
RUNTEST 1 TCK;
SDR 82 TDI (0033488800000000000003) TDO (0033448020000000000001) ;
RUNTEST 1 TCK;
SDR 82 TDI (00334cc800000004000003) TDO (0033488800000000000001) ;
RUNTEST 1 TCK;
SDR 82 TDI (003350c000000000000003) TDO (00334cc800000004000001) ;
RUNTEST 1 TCK;
SDR 82 TDI (0033800000000000000083) TDO (003350c000000000000001) ;
RUNTEST 1 TCK;
SDR 82 TDI (0033840000000000000083) TDO (0033800000000000000081) ;
RUNTEST 1 TCK;
SDR 82 TDI (0033881000000000000003) TDO (0033840000000000000081) ;
RUNTEST 1 TCK;
SDR 82 TDI (00338c2000000000000003) TDO (0033881000000000000001) ;
RUNTEST 1 TCK;
SDR 82 TDI (0033900000000000000003) TDO (00338c2000000000000001) ;
RUNTEST 1 TCK;
SDR 82 TDI (0033a00000000000000003) TDO (0033900000000000000001) ;
RUNTEST 1 TCK;
SDR 82 TDI (0033a40000000000000003) TDO (0033a00000000000000001) ;
RUNTEST 1 TCK;
SDR 82 TDI (0033a80000000000000003) TDO (0033a40000000000000001) ;
RUNTEST 1 TCK;
SDR 82 TDI (0033ac0000000800000003) TDO (0033a80000000000000001) ;
RUNTEST 1 TCK;
SDR 82 TDI (0033b00000000000000003) TDO (0033ac0000000800000001) ;
RUNTEST 1 TCK;
SDR 82 TDI (0033c00004000000000003) TDO (0033b00000000000000001) ;
RUNTEST 1 TCK;
SDR 82 TDI (0033c40800000000000003) TDO (0033c00004000000000001) ;
RUNTEST 1 TCK;
SDR 82 TDI (0033c80000000000000003) TDO (0033c40800000000000001) ;
RUNTEST 1 TCK;
SDR 82 TDI (0033cc0000000000000003) TDO (0033c80000000000000001) ;
RUNTEST 1 TCK;
SDR 82 TDI (0033d00000000000000003) TDO (0033cc0000000000000001) ;
RUNTEST 1 TCK;
SDR 82 TDI (0034000000000000000003) TDO (0033d00000000000000001) ;
RUNTEST 1 TCK;
SDR 82 TDI (0034040000200000000003) TDO (0034000000000000000001) ;
RUNTEST 1 TCK;
SDR 82 TDI (0034080000200000000003) TDO (0034040000200000000001) ;
RUNTEST 1 TCK;
SDR 82 TDI (00340c0000004000000003) TDO (0034080000200000000001) ;
RUNTEST 1 TCK;
SDR 82 TDI (0034100000004000000003) TDO (00340c0000004000000001) ;
RUNTEST 1 TCK;
SDR 82 TDI (0034200000000000000003) TDO (0034100000004000000001) ;
RUNTEST 1 TCK;
SDR 82 TDI (0034240000100000000003) TDO (0034200000000000000001) ;
RUNTEST 1 TCK;
SDR 82 TDI (0034280000100000000003) TDO (0034240000100000000001) ;
RUNTEST 1 TCK;
SDR 82 TDI (00342c0000004000000003) TDO (0034280000100000000001) ;
RUNTEST 1 TCK;
SDR 82 TDI (0034300000004000000003) TDO (00342c0000004000000001) ;
RUNTEST 1 TCK;
SDR 82 TDI (0034400000000000000003) TDO (0034300000004000000001) ;
RUNTEST 1 TCK;
SDR 82 TDI (0034440000000000000003) TDO (0034400000000000000001) ;
RUNTEST 1 TCK;
SDR 82 TDI (0034480000000000000003) TDO (0034440000000000000001) ;
RUNTEST 1 TCK;
SDR 82 TDI (00344c0000000000000003) TDO (0034480000000000000001) ;
RUNTEST 1 TCK;
SDR 82 TDI (0034500000000000000003) TDO (00344c0000000000000001) ;
RUNTEST 1 TCK;
SDR 82 TDI (0034800000204004000003) TDO (0034500000000000000001) ;
RUNTEST 1 TCK;
SDR 82 TDI (0034840000004014000003) TDO (0034800000204004000001) ;
RUNTEST 1 TCK;
SDR 82 TDI (0034880000004000000003) TDO (0034840000004014000001) ;
RUNTEST 1 TCK;
SDR 82 TDI (00348c0000000084000003) TDO (0034880000004000000001) ;
RUNTEST 1 TCK;
SDR 82 TDI (0034900000000084000003) TDO (00348c0000000084000001) ;
RUNTEST 1 TCK;
SDR 82 TDI (0034a00000100000000007) TDO (0034900000000084000001) ;
RUNTEST 1 TCK;
SDR 82 TDI (0034a40000000000000003) TDO (0034a00000100000000005) ;
RUNTEST 1 TCK;
SDR 82 TDI (0034a80000004000000003) TDO (0034a40000000000000001) ;
RUNTEST 1 TCK;
SDR 82 TDI (0034ac0000000080000003) TDO (0034a80000004000000001) ;
RUNTEST 1 TCK;
SDR 82 TDI (0034b00000000084000003) TDO (0034ac0000000080000001) ;
RUNTEST 1 TCK;
SDR 82 TDI (0034c00020001080000007) TDO (0034b00000000084000001) ;
RUNTEST 1 TCK;
SDR 82 TDI (0034c40020000080000003) TDO (0034c00020001080000005) ;
RUNTEST 1 TCK;
SDR 82 TDI (0034c80000000040000003) TDO (0034c40020000080000001) ;
RUNTEST 1 TCK;
SDR 82 TDI (0034cc00000000c0000003) TDO (0034c80000000040000001) ;
RUNTEST 1 TCK;
SDR 82 TDI (0034d000000000c0000003) TDO (0034cc00000000c0000001) ;
RUNTEST 1 TCK;
SDR 82 TDI (0035000000000000000003) TDO (0034d000000000c0000001) ;
RUNTEST 1 TCK;
SDR 82 TDI (0035040000000000000003) TDO (0035000000000000000001) ;
RUNTEST 1 TCK;
SDR 82 TDI (0035080000000000000003) TDO (0035040000000000000001) ;
RUNTEST 1 TCK;
SDR 82 TDI (00350c0000000000000003) TDO (0035080000000000000001) ;
RUNTEST 1 TCK;
SDR 82 TDI (0035100000000000000003) TDO (00350c0000000000000001) ;
RUNTEST 1 TCK;
SDR 82 TDI (0035200000000000000003) TDO (0035100000000000000001) ;
RUNTEST 1 TCK;
SDR 82 TDI (0035240000000000000003) TDO (0035200000000000000001) ;
RUNTEST 1 TCK;
SDR 82 TDI (0035280000000000000003) TDO (0035240000000000000001) ;
RUNTEST 1 TCK;
SDR 82 TDI (00352c0000000000000003) TDO (0035280000000000000001) ;
RUNTEST 1 TCK;
SDR 82 TDI (0035300000000000000003) TDO (00352c0000000000000001) ;
RUNTEST 1 TCK;
SDR 82 TDI (0035400000000000000003) TDO (0035300000000000000001) ;
RUNTEST 1 TCK;
SDR 82 TDI (0035440000000000000003) TDO (0035400000000000000001) ;
RUNTEST 1 TCK;
SDR 82 TDI (0035480000000000000003) TDO (0035440000000000000001) ;
RUNTEST 1 TCK;
SDR 82 TDI (00354c0000000000000003) TDO (0035480000000000000001) ;
RUNTEST 1 TCK;
SDR 82 TDI (0035500000000000000003) TDO (00354c0000000000000001) ;
RUNTEST 1 TCK;
SDR 82 TDI (0035804000004000000003) TDO (0035500000000000000001) ;
RUNTEST 1 TCK;
SDR 82 TDI (0035840000000000200003) TDO (0035804000004000000001) ;
RUNTEST 1 TCK;
SDR 82 TDI (0035880000004000000003) TDO (0035840000000000200001) ;
RUNTEST 1 TCK;
SDR 82 TDI (00358c0000004000000003) TDO (0035880000004000000001) ;
RUNTEST 1 TCK;
SDR 82 TDI (0035900000000000000003) TDO (00358c0000004000000001) ;
RUNTEST 1 TCK;
SDR 82 TDI (0035a00000000000001003) TDO (0035900000000000000001) ;
RUNTEST 1 TCK;
SDR 82 TDI (0035a40080000000000013) TDO (0035a00000000000001001) ;
RUNTEST 1 TCK;
SDR 82 TDI (0035a80000000000000003) TDO (0035a40080000000000011) ;
RUNTEST 1 TCK;
SDR 82 TDI (0035ac0000004000000003) TDO (0035a80000000000000001) ;
RUNTEST 1 TCK;
SDR 82 TDI (0035b00000000000000003) TDO (0035ac0000004000000001) ;
RUNTEST 1 TCK;
SDR 82 TDI (0035c00000000000000003) TDO (0035b00000000000000001) ;
RUNTEST 1 TCK;
SDR 82 TDI (0035c40000000000000003) TDO (0035c00000000000000001) ;
RUNTEST 1 TCK;
SDR 82 TDI (0035c80000000000000003) TDO (0035c40000000000000001) ;
RUNTEST 1 TCK;
SDR 82 TDI (0035cc0000000000000003) TDO (0035c80000000000000001) ;
RUNTEST 1 TCK;
SDR 82 TDI (0035d00080000000000003) TDO (0035cc0000000000000001) ;
RUNTEST 1 TCK;
SDR 82 TDI (0035d00080000000000003) TDO (0035d00080000000000001) ;
//Loading device with 'ispen' instruction.
SIR 8 TDI (e8) ;
SDR 6 TDI (05) SMASK (3f) ;
//Loading device with 'bypass' instruction.
SIR 8 TDI (ff) ;
TIR 0 ;
HIR 0 ;
HDR 0 ;
TDR 0 ;
// Loading devices with 'conld' or 'bypass' instruction.
SIR 8 TDI (f0) ;
RUNTEST 100 TCK;
TIR 0 ;
HIR 0 ;
HDR 0 ;
TDR 0 ;
TIR 0 ;
HIR 0 ;
TDR 0 ;
HDR 0 ;
SIR 8 TDI (ff) ;
SDR 1 TDI (00) SMASK (01) ;
